<?xml version="1.0" encoding="UTF-8"?>
<gpx xmlns:gpxdata="http://www.cluetrust.com/XML/GPXDATA/1/0" xmlns:xsi="http://www.w3.org/2001/XMLSchema-instance" xmlns="http://www.topografix.com/GPX/1/1" version="1.1" creator="http://ridewithgps.com/" xsi:schemaLocation="http://www.topografix.com/GPX/1/1 http://www.topografix.com/GPX/1/1/gpx.xsd http://www.cluetrust.com/XML/GPXDATA/1/0 http://www.cluetrust.com/Schemas/gpxdata10.xsd">
  <metadata>
    <name>Stirling Ridge Walk</name>
    <link href="https://ridewithgps.com/trips/88843852">
      <text>Stirling Ridge Walk</text>
    </link>
    <time>2022-04-29T09:30:00Z</time>
  </metadata>
  <trk>
    <name>Stirling Ridge Walk</name>
    <trkseg>
      <trkpt lat="-34.318061" lon="118.39204">
        <ele>199.5</ele>
        <time>2022-04-29T01:30:00Z</time>
      </trkpt>
      <trkpt lat="-34.318132" lon="118.391225">
        <ele>198.9</ele>
        <time>2022-04-29T01:32:53Z</time>
      </trkpt>
      <trkpt lat="-34.318114" lon="118.39013">
        <ele>198.4</ele>
        <time>2022-04-29T01:36:45Z</time>
      </trkpt>
      <trkpt lat="-34.318096" lon="118.389101">
        <ele>198.3</ele>
        <time>2022-04-29T01:40:23Z</time>
      </trkpt>
      <trkpt lat="-34.31815" lon="118.387942">
        <ele>198.5</ele>
        <time>2022-04-29T01:44:29Z</time>
      </trkpt>
      <trkpt lat="-34.31815" lon="118.386483">
        <ele>198.5</ele>
        <time>2022-04-29T01:49:38Z</time>
      </trkpt>
      <trkpt lat="-34.318096" lon="118.385581">
        <ele>198.5</ele>
        <time>2022-04-29T01:52:50Z</time>
      </trkpt>
      <trkpt lat="-34.31815" lon="118.384423">
        <ele>198.5</ele>
        <time>2022-04-29T01:56:56Z</time>
      </trkpt>
      <trkpt lat="-34.318132" lon="118.383629">
        <ele>198.9</ele>
        <time>2022-04-29T01:59:44Z</time>
      </trkpt>
      <trkpt lat="-34.318079" lon="118.382534">
        <ele>199.0</ele>
        <time>2022-04-29T02:03:36Z</time>
      </trkpt>
      <trkpt lat="-34.318079" lon="118.381848">
        <ele>199.5</ele>
        <time>2022-04-29T02:06:02Z</time>
      </trkpt>
      <trkpt lat="-34.318114" lon="118.380861">
        <ele>200.0</ele>
        <time>2022-04-29T02:09:31Z</time>
      </trkpt>
      <trkpt lat="-34.31815" lon="118.380002">
        <ele>201.0</ele>
        <time>2022-04-29T02:12:33Z</time>
      </trkpt>
      <trkpt lat="-34.31815" lon="118.378844">
        <ele>202.2</ele>
        <time>2022-04-29T02:16:39Z</time>
      </trkpt>
      <trkpt lat="-34.318132" lon="118.377728">
        <ele>203.0</ele>
        <time>2022-04-29T02:20:35Z</time>
      </trkpt>
      <trkpt lat="-34.318132" lon="118.376827">
        <ele>203.5</ele>
        <time>2022-04-29T02:23:46Z</time>
      </trkpt>
      <trkpt lat="-34.318114" lon="118.37599">
        <ele>204.6</ele>
        <time>2022-04-29T02:26:43Z</time>
      </trkpt>
      <trkpt lat="-34.318114" lon="118.374874">
        <ele>206.1</ele>
        <time>2022-04-29T02:30:40Z</time>
      </trkpt>
      <trkpt lat="-34.318114" lon="118.373844">
        <ele>207.4</ele>
        <time>2022-04-29T02:34:18Z</time>
      </trkpt>
      <trkpt lat="-34.318079" lon="118.372879">
        <ele>209.3</ele>
        <time>2022-04-29T02:37:43Z</time>
      </trkpt>
      <trkpt lat="-34.318079" lon="118.371849">
        <ele>211.3</ele>
        <time>2022-04-29T02:41:21Z</time>
      </trkpt>
      <trkpt lat="-34.31815" lon="118.370797">
        <ele>213.5</ele>
        <time>2022-04-29T02:45:05Z</time>
      </trkpt>
      <trkpt lat="-34.318079" lon="118.369681">
        <ele>216.0</ele>
        <time>2022-04-29T02:49:02Z</time>
      </trkpt>
      <trkpt lat="-34.318167" lon="118.368587">
        <ele>218.9</ele>
        <time>2022-04-29T02:52:55Z</time>
      </trkpt>
      <trkpt lat="-34.31815" lon="118.3676">
        <ele>221.6</ele>
        <time>2022-04-29T02:56:24Z</time>
      </trkpt>
      <trkpt lat="-34.318079" lon="118.366827">
        <ele>225.5</ele>
        <time>2022-04-29T02:59:09Z</time>
      </trkpt>
      <trkpt lat="-34.318043" lon="118.365454">
        <ele>229.8</ele>
        <time>2022-04-29T03:04:00Z</time>
      </trkpt>
      <trkpt lat="-34.318096" lon="118.364617">
        <ele>233.9</ele>
        <time>2022-04-29T03:06:57Z</time>
      </trkpt>
      <trkpt lat="-34.318114" lon="118.362879">
        <ele>238.0</ele>
        <time>2022-04-29T03:13:06Z</time>
      </trkpt>
      <trkpt lat="-34.318132" lon="118.361656">
        <ele>243.1</ele>
        <time>2022-04-29T03:17:25Z</time>
      </trkpt>
      <trkpt lat="-34.318185" lon="118.360605">
        <ele>248.4</ele>
        <time>2022-04-29T03:21:08Z</time>
      </trkpt>
      <trkpt lat="-34.318185" lon="118.359768">
        <ele>253.9</ele>
        <time>2022-04-29T03:24:05Z</time>
      </trkpt>
      <trkpt lat="-34.318167" lon="118.35906">
        <ele>259.2</ele>
        <time>2022-04-29T03:26:36Z</time>
      </trkpt>
      <trkpt lat="-34.318167" lon="118.357858">
        <ele>264.8</ele>
        <time>2022-04-29T03:30:50Z</time>
      </trkpt>
      <trkpt lat="-34.318202" lon="118.356785">
        <ele>270.5</ele>
        <time>2022-04-29T03:34:38Z</time>
      </trkpt>
      <trkpt lat="-34.318221" lon="118.354854">
        <ele>276.6</ele>
        <time>2022-04-29T03:41:27Z</time>
      </trkpt>
      <trkpt lat="-34.318221" lon="118.35421">
        <ele>281.7</ele>
        <time>2022-04-29T03:43:43Z</time>
      </trkpt>
      <trkpt lat="-34.318221" lon="118.353652">
        <ele>287.5</ele>
        <time>2022-04-29T03:45:41Z</time>
      </trkpt>
      <trkpt lat="-34.318221" lon="118.352365">
        <ele>293.2</ele>
        <time>2022-04-29T03:50:14Z</time>
      </trkpt>
      <trkpt lat="-34.318256" lon="118.351228">
        <ele>298.5</ele>
        <time>2022-04-29T03:54:15Z</time>
      </trkpt>
      <trkpt lat="-34.318202" lon="118.350284">
        <ele>303.6</ele>
        <time>2022-04-29T03:57:36Z</time>
      </trkpt>
      <trkpt lat="-34.318185" lon="118.349468">
        <ele>308.3</ele>
        <time>2022-04-29T04:00:29Z</time>
      </trkpt>
      <trkpt lat="-34.318221" lon="118.348116">
        <ele>312.5</ele>
        <time>2022-04-29T04:05:15Z</time>
      </trkpt>
      <trkpt lat="-34.318221" lon="118.346979">
        <ele>316.3</ele>
        <time>2022-04-29T04:09:16Z</time>
      </trkpt>
      <trkpt lat="-34.318309" lon="118.345456">
        <ele>318.8</ele>
        <time>2022-04-29T04:14:40Z</time>
      </trkpt>
      <trkpt lat="-34.318238" lon="118.343868">
        <ele>320.5</ele>
        <time>2022-04-29T04:20:17Z</time>
      </trkpt>
      <trkpt lat="-34.318291" lon="118.342623">
        <ele>321.3</ele>
        <time>2022-04-29T04:24:41Z</time>
      </trkpt>
      <trkpt lat="-34.318309" lon="118.341207">
        <ele>321.5</ele>
        <time>2022-04-29T04:29:41Z</time>
      </trkpt>
      <trkpt lat="-34.318291" lon="118.340392">
        <ele>320.6</ele>
        <time>2022-04-29T04:32:34Z</time>
      </trkpt>
      <trkpt lat="-34.318238" lon="118.339555">
        <ele>319.1</ele>
        <time>2022-04-29T04:35:31Z</time>
      </trkpt>
      <trkpt lat="-34.318221" lon="118.33846">
        <ele>316.9</ele>
        <time>2022-04-29T04:39:23Z</time>
      </trkpt>
      <trkpt lat="-34.318221" lon="118.337409">
        <ele>313.7</ele>
        <time>2022-04-29T04:43:06Z</time>
      </trkpt>
      <trkpt lat="-34.318238" lon="118.336164">
        <ele>309.7</ele>
        <time>2022-04-29T04:47:30Z</time>
      </trkpt>
      <trkpt lat="-34.318274" lon="118.335349">
        <ele>305.5</ele>
        <time>2022-04-29T04:50:23Z</time>
      </trkpt>
      <trkpt lat="-34.318291" lon="118.333954">
        <ele>301.2</ele>
        <time>2022-04-29T04:55:18Z</time>
      </trkpt>
      <trkpt lat="-34.318238" lon="118.332967">
        <ele>297.4</ele>
        <time>2022-04-29T04:58:48Z</time>
      </trkpt>
      <trkpt lat="-34.318238" lon="118.332173">
        <ele>293.0</ele>
        <time>2022-04-29T05:01:36Z</time>
      </trkpt>
      <trkpt lat="-34.318256" lon="118.33153">
        <ele>288.5</ele>
        <time>2022-04-29T05:03:53Z</time>
      </trkpt>
      <trkpt lat="-34.318202" lon="118.3305">
        <ele>284.2</ele>
        <time>2022-04-29T05:07:31Z</time>
      </trkpt>
      <trkpt lat="-34.318167" lon="118.32992">
        <ele>280.0</ele>
        <time>2022-04-29T05:09:34Z</time>
      </trkpt>
      <trkpt lat="-34.318221" lon="118.328547">
        <ele>276.3</ele>
        <time>2022-04-29T05:14:26Z</time>
      </trkpt>
      <trkpt lat="-34.318256" lon="118.327581">
        <ele>273.1</ele>
        <time>2022-04-29T05:17:50Z</time>
      </trkpt>
      <trkpt lat="-34.318256" lon="118.326551">
        <ele>270.5</ele>
        <time>2022-04-29T05:21:29Z</time>
      </trkpt>
      <trkpt lat="-34.318256" lon="118.325715">
        <ele>268.4</ele>
        <time>2022-04-29T05:24:26Z</time>
      </trkpt>
      <trkpt lat="-34.31854" lon="118.325715">
        <ele>266.6</ele>
        <time>2022-04-29T05:25:39Z</time>
      </trkpt>
      <trkpt lat="-34.318823" lon="118.325479">
        <ele>265.1</ele>
        <time>2022-04-29T05:27:07Z</time>
      </trkpt>
      <trkpt lat="-34.319178" lon="118.325457">
        <ele>263.6</ele>
        <time>2022-04-29T05:28:38Z</time>
      </trkpt>
      <trkpt lat="-34.319319" lon="118.3258">
        <ele>263.1</ele>
        <time>2022-04-29T05:29:59Z</time>
      </trkpt>
      <trkpt lat="-34.31946" lon="118.326015">
        <ele>263.4</ele>
        <time>2022-04-29T05:30:58Z</time>
      </trkpt>
      <trkpt lat="-34.319656" lon="118.325886">
        <ele>264.1</ele>
        <time>2022-04-29T05:31:55Z</time>
      </trkpt>
      <trkpt lat="-34.319957" lon="118.325843">
        <ele>265.0</ele>
        <time>2022-04-29T05:33:12Z</time>
      </trkpt>
      <trkpt lat="-34.320276" lon="118.325843">
        <ele>266.0</ele>
        <time>2022-04-29T05:34:34Z</time>
      </trkpt>
      <trkpt lat="-34.320507" lon="118.326058">
        <ele>266.9</ele>
        <time>2022-04-29T05:35:49Z</time>
      </trkpt>
      <trkpt lat="-34.320914" lon="118.326208">
        <ele>267.8</ele>
        <time>2022-04-29T05:37:38Z</time>
      </trkpt>
      <trkpt lat="-34.321269" lon="118.326294">
        <ele>268.8</ele>
        <time>2022-04-29T05:39:11Z</time>
      </trkpt>
      <trkpt lat="-34.321605" lon="118.326337">
        <ele>269.9</ele>
        <time>2022-04-29T05:40:38Z</time>
      </trkpt>
      <trkpt lat="-34.321818" lon="118.326208">
        <ele>271.0</ele>
        <time>2022-04-29T05:41:39Z</time>
      </trkpt>
      <trkpt lat="-34.32219" lon="118.326272">
        <ele>272.3</ele>
        <time>2022-04-29T05:43:15Z</time>
      </trkpt>
      <trkpt lat="-34.322438" lon="118.326444">
        <ele>273.5</ele>
        <time>2022-04-29T05:44:28Z</time>
      </trkpt>
      <trkpt lat="-34.322775" lon="118.326616">
        <ele>274.6</ele>
        <time>2022-04-29T05:46:02Z</time>
      </trkpt>
      <trkpt lat="-34.323076" lon="118.32668">
        <ele>275.8</ele>
        <time>2022-04-29T05:47:21Z</time>
      </trkpt>
      <trkpt lat="-34.323341" lon="118.326745">
        <ele>277.0</ele>
        <time>2022-04-29T05:48:30Z</time>
      </trkpt>
      <trkpt lat="-34.323697" lon="118.326702">
        <ele>278.1</ele>
        <time>2022-04-29T05:50:01Z</time>
      </trkpt>
      <trkpt lat="-34.324033" lon="118.326938">
        <ele>279.1</ele>
        <time>2022-04-29T05:51:41Z</time>
      </trkpt>
      <trkpt lat="-34.324388" lon="118.326852">
        <ele>280.1</ele>
        <time>2022-04-29T05:53:14Z</time>
      </trkpt>
      <trkpt lat="-34.324671" lon="118.327066">
        <ele>280.9</ele>
        <time>2022-04-29T05:54:40Z</time>
      </trkpt>
      <trkpt lat="-34.325096" lon="118.327195">
        <ele>281.8</ele>
        <time>2022-04-29T05:56:32Z</time>
      </trkpt>
      <trkpt lat="-34.325362" lon="118.327281">
        <ele>283.0</ele>
        <time>2022-04-29T05:57:43Z</time>
      </trkpt>
      <trkpt lat="-34.325628" lon="118.327517">
        <ele>284.2</ele>
        <time>2022-04-29T05:59:07Z</time>
      </trkpt>
      <trkpt lat="-34.325947" lon="118.327624">
        <ele>285.5</ele>
        <time>2022-04-29T06:00:32Z</time>
      </trkpt>
      <trkpt lat="-34.326284" lon="118.32771">
        <ele>286.9</ele>
        <time>2022-04-29T06:02:01Z</time>
      </trkpt>
      <trkpt lat="-34.32662" lon="118.327796">
        <ele>288.2</ele>
        <time>2022-04-29T06:03:29Z</time>
      </trkpt>
      <trkpt lat="-34.326957" lon="118.327796">
        <ele>289.4</ele>
        <time>2022-04-29T06:04:55Z</time>
      </trkpt>
      <trkpt lat="-34.327222" lon="118.327946">
        <ele>290.9</ele>
        <time>2022-04-29T06:06:10Z</time>
      </trkpt>
      <trkpt lat="-34.327595" lon="118.328204">
        <ele>292.7</ele>
        <time>2022-04-29T06:08:00Z</time>
      </trkpt>
      <trkpt lat="-34.327985" lon="118.328311">
        <ele>294.5</ele>
        <time>2022-04-29T06:09:43Z</time>
      </trkpt>
      <trkpt lat="-34.32841" lon="118.328332">
        <ele>296.5</ele>
        <time>2022-04-29T06:11:32Z</time>
      </trkpt>
      <trkpt lat="-34.328694" lon="118.328311">
        <ele>298.5</ele>
        <time>2022-04-29T06:12:45Z</time>
      </trkpt>
      <trkpt lat="-34.329013" lon="118.328375">
        <ele>300.6</ele>
        <time>2022-04-29T06:14:08Z</time>
      </trkpt>
      <trkpt lat="-34.329367" lon="118.328397">
        <ele>302.9</ele>
        <time>2022-04-29T06:15:39Z</time>
      </trkpt>
      <trkpt lat="-34.329668" lon="118.328483">
        <ele>305.2</ele>
        <time>2022-04-29T06:16:58Z</time>
      </trkpt>
      <trkpt lat="-34.330039" lon="118.328633">
        <ele>307.4</ele>
        <time>2022-04-29T06:18:39Z</time>
      </trkpt>
      <trkpt lat="-34.330377" lon="118.32874">
        <ele>309.7</ele>
        <time>2022-04-29T06:20:08Z</time>
      </trkpt>
      <trkpt lat="-34.330785" lon="118.328783">
        <ele>312.1</ele>
        <time>2022-04-29T06:21:53Z</time>
      </trkpt>
      <trkpt lat="-34.330997" lon="118.328676">
        <ele>314.3</ele>
        <time>2022-04-29T06:22:52Z</time>
      </trkpt>
      <trkpt lat="-34.331316" lon="118.328933">
        <ele>316.4</ele>
        <time>2022-04-29T06:24:31Z</time>
      </trkpt>
      <trkpt lat="-34.331618" lon="118.329083">
        <ele>318.5</ele>
        <time>2022-04-29T06:25:54Z</time>
      </trkpt>
      <trkpt lat="-34.331848" lon="118.329298">
        <ele>320.8</ele>
        <time>2022-04-29T06:27:09Z</time>
      </trkpt>
      <trkpt lat="-34.332114" lon="118.329534">
        <ele>323.0</ele>
        <time>2022-04-29T06:28:33Z</time>
      </trkpt>
      <trkpt lat="-34.332273" lon="118.329899">
        <ele>325.1</ele>
        <time>2022-04-29T06:30:01Z</time>
      </trkpt>
      <trkpt lat="-34.33245" lon="118.330178">
        <ele>327.3</ele>
        <time>2022-04-29T06:31:15Z</time>
      </trkpt>
      <trkpt lat="-34.332911" lon="118.330199">
        <ele>329.3</ele>
        <time>2022-04-29T06:33:14Z</time>
      </trkpt>
      <trkpt lat="-34.333265" lon="118.330435">
        <ele>331.3</ele>
        <time>2022-04-29T06:34:57Z</time>
      </trkpt>
      <trkpt lat="-34.333478" lon="118.330478">
        <ele>333.0</ele>
        <time>2022-04-29T06:35:53Z</time>
      </trkpt>
      <trkpt lat="-34.333903" lon="118.330435">
        <ele>334.6</ele>
        <time>2022-04-29T06:37:42Z</time>
      </trkpt>
      <trkpt lat="-34.334116" lon="118.330671">
        <ele>336.6</ele>
        <time>2022-04-29T06:38:56Z</time>
      </trkpt>
      <trkpt lat="-34.334577" lon="118.330929">
        <ele>338.8</ele>
        <time>2022-04-29T06:41:06Z</time>
      </trkpt>
      <trkpt lat="-34.334736" lon="118.331058">
        <ele>340.8</ele>
        <time>2022-04-29T06:41:55Z</time>
      </trkpt>
      <trkpt lat="-34.33502" lon="118.331036">
        <ele>342.6</ele>
        <time>2022-04-29T06:43:08Z</time>
      </trkpt>
      <trkpt lat="-34.335214" lon="118.331165">
        <ele>344.4</ele>
        <time>2022-04-29T06:44:05Z</time>
      </trkpt>
      <trkpt lat="-34.335711" lon="118.331272">
        <ele>346.5</ele>
        <time>2022-04-29T06:46:15Z</time>
      </trkpt>
      <trkpt lat="-34.336047" lon="118.331379">
        <ele>348.2</ele>
        <time>2022-04-29T06:47:44Z</time>
      </trkpt>
      <trkpt lat="-34.336295" lon="118.331465">
        <ele>350.3</ele>
        <time>2022-04-29T06:48:50Z</time>
      </trkpt>
      <trkpt lat="-34.336809" lon="118.331379">
        <ele>352.5</ele>
        <time>2022-04-29T06:51:03Z</time>
      </trkpt>
      <trkpt lat="-34.33711" lon="118.331379">
        <ele>354.8</ele>
        <time>2022-04-29T06:52:20Z</time>
      </trkpt>
      <trkpt lat="-34.33757" lon="118.330993">
        <ele>357.2</ele>
        <time>2022-04-29T06:54:44Z</time>
      </trkpt>
      <trkpt lat="-34.337925" lon="118.331186">
        <ele>358.8</ele>
        <time>2022-04-29T06:56:24Z</time>
      </trkpt>
      <trkpt lat="-34.338262" lon="118.331036">
        <ele>360.4</ele>
        <time>2022-04-29T06:57:56Z</time>
      </trkpt>
      <trkpt lat="-34.338599" lon="118.331079">
        <ele>362.2</ele>
        <time>2022-04-29T06:59:23Z</time>
      </trkpt>
      <trkpt lat="-34.338918" lon="118.331165">
        <ele>364.3</ele>
        <time>2022-04-29T07:00:46Z</time>
      </trkpt>
      <trkpt lat="-34.339201" lon="118.331294">
        <ele>367.0</ele>
        <time>2022-04-29T07:02:04Z</time>
      </trkpt>
      <trkpt lat="-34.33952" lon="118.331658">
        <ele>369.5</ele>
        <time>2022-04-29T07:03:57Z</time>
      </trkpt>
      <trkpt lat="-34.339874" lon="118.331937">
        <ele>372.4</ele>
        <time>2022-04-29T07:05:45Z</time>
      </trkpt>
      <trkpt lat="-34.340105" lon="118.332366">
        <ele>374.8</ele>
        <time>2022-04-29T07:07:33Z</time>
      </trkpt>
      <trkpt lat="-34.3403" lon="118.332624">
        <ele>377.1</ele>
        <time>2022-04-29T07:08:47Z</time>
      </trkpt>
      <trkpt lat="-34.340725" lon="118.33286">
        <ele>379.3</ele>
        <time>2022-04-29T07:10:47Z</time>
      </trkpt>
      <trkpt lat="-34.341043" lon="118.333117">
        <ele>381.6</ele>
        <time>2022-04-29T07:12:26Z</time>
      </trkpt>
      <trkpt lat="-34.341274" lon="118.333375">
        <ele>384.8</ele>
        <time>2022-04-29T07:13:46Z</time>
      </trkpt>
      <trkpt lat="-34.341468" lon="118.333547">
        <ele>388.2</ele>
        <time>2022-04-29T07:14:48Z</time>
      </trkpt>
      <trkpt lat="-34.341593" lon="118.33404">
        <ele>391.9</ele>
        <time>2022-04-29T07:16:37Z</time>
      </trkpt>
      <trkpt lat="-34.341717" lon="118.334383">
        <ele>396.4</ele>
        <time>2022-04-29T07:17:57Z</time>
      </trkpt>
      <trkpt lat="-34.341912" lon="118.334748">
        <ele>400.8</ele>
        <time>2022-04-29T07:19:29Z</time>
      </trkpt>
      <trkpt lat="-34.342319" lon="118.334856">
        <ele>405.2</ele>
        <time>2022-04-29T07:21:16Z</time>
      </trkpt>
      <trkpt lat="-34.342514" lon="118.335049">
        <ele>410.2</ele>
        <time>2022-04-29T07:22:20Z</time>
      </trkpt>
      <trkpt lat="-34.342922" lon="118.335263">
        <ele>415.8</ele>
        <time>2022-04-29T07:24:14Z</time>
      </trkpt>
      <trkpt lat="-34.343258" lon="118.335456">
        <ele>423.1</ele>
        <time>2022-04-29T07:25:50Z</time>
      </trkpt>
      <trkpt lat="-34.343506" lon="118.335585">
        <ele>432.6</ele>
        <time>2022-04-29T07:26:59Z</time>
      </trkpt>
      <trkpt lat="-34.343843" lon="118.335692">
        <ele>444.6</ele>
        <time>2022-04-29T07:28:28Z</time>
      </trkpt>
      <trkpt lat="-34.344215" lon="118.335886">
        <ele>458.0</ele>
        <time>2022-04-29T07:30:12Z</time>
      </trkpt>
      <trkpt lat="-34.344463" lon="118.335928">
        <ele>471.7</ele>
        <time>2022-04-29T07:31:16Z</time>
      </trkpt>
      <trkpt lat="-34.344853" lon="118.336122">
        <ele>486.0</ele>
        <time>2022-04-29T07:33:04Z</time>
      </trkpt>
      <trkpt lat="-34.345154" lon="118.336315">
        <ele>500.5</ele>
        <time>2022-04-29T07:34:32Z</time>
      </trkpt>
      <trkpt lat="-34.345508" lon="118.336529">
        <ele>514.5</ele>
        <time>2022-04-29T07:36:14Z</time>
      </trkpt>
      <trkpt lat="-34.345863" lon="118.336722">
        <ele>528.6</ele>
        <time>2022-04-29T07:37:53Z</time>
      </trkpt>
      <trkpt lat="-34.34604" lon="118.33684">
        <ele>542.4</ele>
        <time>2022-04-29T07:38:45Z</time>
      </trkpt>
      <trkpt lat="-34.346368" lon="118.336878">
        <ele>555.5</ele>
        <time>2022-04-29T07:40:10Z</time>
      </trkpt>
      <trkpt lat="-34.346917" lon="118.337157">
        <ele>567.2</ele>
        <time>2022-04-29T07:42:42Z</time>
      </trkpt>
      <trkpt lat="-34.347036" lon="118.337329">
        <ele>576.8</ele>
        <time>2022-04-29T07:43:30Z</time>
      </trkpt>
      <trkpt lat="-34.347311" lon="118.337312">
        <ele>584.1</ele>
        <time>2022-04-29T07:44:40Z</time>
      </trkpt>
      <trkpt lat="-34.347527" lon="118.337393">
        <ele>589.5</ele>
        <time>2022-04-29T07:45:39Z</time>
      </trkpt>
      <trkpt lat="-34.347732" lon="118.337527">
        <ele>594.4</ele>
        <time>2022-04-29T07:46:38Z</time>
      </trkpt>
      <trkpt lat="-34.347993" lon="118.337747">
        <ele>598.2</ele>
        <time>2022-04-29T07:48:00Z</time>
      </trkpt>
      <trkpt lat="-34.348308" lon="118.337811">
        <ele>600.8</ele>
        <time>2022-04-29T07:49:22Z</time>
      </trkpt>
      <trkpt lat="-34.348533" lon="118.337913">
        <ele>603.5</ele>
        <time>2022-04-29T07:50:23Z</time>
      </trkpt>
      <trkpt lat="-34.348768" lon="118.337978">
        <ele>605.5</ele>
        <time>2022-04-29T07:51:25Z</time>
      </trkpt>
      <trkpt lat="-34.348883" lon="118.337967">
        <ele>606.9</ele>
        <time>2022-04-29T07:51:55Z</time>
      </trkpt>
      <trkpt lat="-34.349038" lon="118.337903">
        <ele>607.9</ele>
        <time>2022-04-29T07:52:37Z</time>
      </trkpt>
      <trkpt lat="-34.349309" lon="118.337897">
        <ele>608.8</ele>
        <time>2022-04-29T07:53:46Z</time>
      </trkpt>
      <trkpt lat="-34.349521" lon="118.337886">
        <ele>609.0</ele>
        <time>2022-04-29T07:54:41Z</time>
      </trkpt>
      <trkpt lat="-34.349716" lon="118.337967">
        <ele>608.1</ele>
        <time>2022-04-29T07:55:33Z</time>
      </trkpt>
      <trkpt lat="-34.349898" lon="118.338085">
        <ele>606.8</ele>
        <time>2022-04-29T07:56:26Z</time>
      </trkpt>
      <trkpt lat="-34.35007" lon="118.338176">
        <ele>605.3</ele>
        <time>2022-04-29T07:57:15Z</time>
      </trkpt>
      <trkpt lat="-34.35027" lon="118.338283">
        <ele>603.5</ele>
        <time>2022-04-29T07:58:11Z</time>
      </trkpt>
      <trkpt lat="-34.35053" lon="118.338246">
        <ele>601.8</ele>
        <time>2022-04-29T07:59:18Z</time>
      </trkpt>
      <trkpt lat="-34.35081" lon="118.338085">
        <ele>600.5</ele>
        <time>2022-04-29T08:00:37Z</time>
      </trkpt>
      <trkpt lat="-34.35112" lon="118.338074">
        <ele>599.4</ele>
        <time>2022-04-29T08:01:57Z</time>
      </trkpt>
      <trkpt lat="-34.351253" lon="118.33794">
        <ele>598.6</ele>
        <time>2022-04-29T08:02:41Z</time>
      </trkpt>
      <trkpt lat="-34.35127" lon="118.337811">
        <ele>598.7</ele>
        <time>2022-04-29T08:03:09Z</time>
      </trkpt>
      <trkpt lat="-34.351457" lon="118.337774">
        <ele>599.1</ele>
        <time>2022-04-29T08:03:57Z</time>
      </trkpt>
      <trkpt lat="-34.351709" lon="118.337506">
        <ele>600.6</ele>
        <time>2022-04-29T08:05:24Z</time>
      </trkpt>
      <trkpt lat="-34.351855" lon="118.337361">
        <ele>603.8</ele>
        <time>2022-04-29T08:06:12Z</time>
      </trkpt>
      <trkpt lat="-34.352019" lon="118.337291">
        <ele>608.5</ele>
        <time>2022-04-29T08:06:57Z</time>
      </trkpt>
      <trkpt lat="-34.352258" lon="118.337189">
        <ele>613.9</ele>
        <time>2022-04-29T08:08:02Z</time>
      </trkpt>
      <trkpt lat="-34.352369" lon="118.337044">
        <ele>620.1</ele>
        <time>2022-04-29T08:08:43Z</time>
      </trkpt>
      <trkpt lat="-34.352555" lon="118.336974">
        <ele>626.8</ele>
        <time>2022-04-29T08:09:33Z</time>
      </trkpt>
      <trkpt lat="-34.352736" lon="118.336835">
        <ele>633.9</ele>
        <time>2022-04-29T08:10:28Z</time>
      </trkpt>
      <trkpt lat="-34.352976" lon="118.336658">
        <ele>642.0</ele>
        <time>2022-04-29T08:11:40Z</time>
      </trkpt>
      <trkpt lat="-34.353122" lon="118.336578">
        <ele>650.9</ele>
        <time>2022-04-29T08:12:22Z</time>
      </trkpt>
      <trkpt lat="-34.353246" lon="118.336561">
        <ele>660.5</ele>
        <time>2022-04-29T08:12:54Z</time>
      </trkpt>
      <trkpt lat="-34.353405" lon="118.336486">
        <ele>671.2</ele>
        <time>2022-04-29T08:13:37Z</time>
      </trkpt>
      <trkpt lat="-34.353578" lon="118.336438">
        <ele>682.8</ele>
        <time>2022-04-29T08:14:23Z</time>
      </trkpt>
      <trkpt lat="-34.353746" lon="118.3364">
        <ele>695.0</ele>
        <time>2022-04-29T08:15:07Z</time>
      </trkpt>
      <trkpt lat="-34.353875" lon="118.33617">
        <ele>707.5</ele>
        <time>2022-04-29T08:16:06Z</time>
      </trkpt>
      <trkpt lat="-34.353985" lon="118.335939">
        <ele>720.4</ele>
        <time>2022-04-29T08:17:02Z</time>
      </trkpt>
      <trkpt lat="-34.354135" lon="118.33573">
        <ele>733.5</ele>
        <time>2022-04-29T08:18:01Z</time>
      </trkpt>
      <trkpt lat="-34.354309" lon="118.33544">
        <ele>746.7</ele>
        <time>2022-04-29T08:19:17Z</time>
      </trkpt>
      <trkpt lat="-34.354468" lon="118.33529">
        <ele>759.5</ele>
        <time>2022-04-29T08:20:08Z</time>
      </trkpt>
      <trkpt lat="-34.35476" lon="118.334984">
        <ele>772.3</ele>
        <time>2022-04-29T08:21:48Z</time>
      </trkpt>
      <trkpt lat="-34.354995" lon="118.334786">
        <ele>784.7</ele>
        <time>2022-04-29T08:23:01Z</time>
      </trkpt>
      <trkpt lat="-34.355177" lon="118.334657">
        <ele>796.7</ele>
        <time>2022-04-29T08:23:55Z</time>
      </trkpt>
      <trkpt lat="-34.355323" lon="118.334491">
        <ele>807.8</ele>
        <time>2022-04-29T08:24:46Z</time>
      </trkpt>
      <trkpt lat="-34.355389" lon="118.334346">
        <ele>817.5</ele>
        <time>2022-04-29T08:25:21Z</time>
      </trkpt>
      <trkpt lat="-34.355584" lon="118.334147">
        <ele>825.5</ele>
        <time>2022-04-29T08:26:27Z</time>
      </trkpt>
      <trkpt lat="-34.355717" lon="118.333965">
        <ele>831.5</ele>
        <time>2022-04-29T08:27:18Z</time>
      </trkpt>
      <trkpt lat="-34.355823" lon="118.333847">
        <ele>835.5</ele>
        <time>2022-04-29T08:27:55Z</time>
      </trkpt>
      <trkpt lat="-34.355952" lon="118.333697">
        <ele>836.5</ele>
        <time>2022-04-29T08:28:41Z</time>
      </trkpt>
      <trkpt lat="-34.356027" lon="118.333616">
        <ele>836.7</ele>
        <time>2022-04-29T08:29:07Z</time>
      </trkpt>
      <trkpt lat="-34.355987" lon="118.333493">
        <ele>836.1</ele>
        <time>2022-04-29T08:29:35Z</time>
      </trkpt>
      <trkpt lat="-34.355961" lon="118.333273">
        <ele>834.2</ele>
        <time>2022-04-29T08:30:22Z</time>
      </trkpt>
      <trkpt lat="-34.355943" lon="118.333058">
        <ele>829.8</ele>
        <time>2022-04-29T08:31:08Z</time>
      </trkpt>
      <trkpt lat="-34.355943" lon="118.332908">
        <ele>823.2</ele>
        <time>2022-04-29T08:31:39Z</time>
      </trkpt>
      <trkpt lat="-34.356031" lon="118.332865">
        <ele>817.7</ele>
        <time>2022-04-29T08:32:04Z</time>
      </trkpt>
      <trkpt lat="-34.356147" lon="118.332694">
        <ele>815.0</ele>
        <time>2022-04-29T08:32:51Z</time>
      </trkpt>
      <trkpt lat="-34.356186" lon="118.33242">
        <ele>813.8</ele>
        <time>2022-04-29T08:33:50Z</time>
      </trkpt>
      <trkpt lat="-34.356169" lon="118.332114">
        <ele>813.6</ele>
        <time>2022-04-29T08:34:55Z</time>
      </trkpt>
      <trkpt lat="-34.356102" lon="118.331803">
        <ele>814.5</ele>
        <time>2022-04-29T08:36:03Z</time>
      </trkpt>
      <trkpt lat="-34.356186" lon="118.331632">
        <ele>819.8</ele>
        <time>2022-04-29T08:36:45Z</time>
      </trkpt>
      <trkpt lat="-34.356346" lon="118.331546">
        <ele>827.0</ele>
        <time>2022-04-29T08:37:30Z</time>
      </trkpt>
      <trkpt lat="-34.356434" lon="118.331465">
        <ele>836.5</ele>
        <time>2022-04-29T08:37:58Z</time>
      </trkpt>
      <trkpt lat="-34.356634" lon="118.331299">
        <ele>847.5</ele>
        <time>2022-04-29T08:39:00Z</time>
      </trkpt>
      <trkpt lat="-34.356753" lon="118.33117">
        <ele>860.5</ele>
        <time>2022-04-29T08:39:41Z</time>
      </trkpt>
      <trkpt lat="-34.356904" lon="118.331154">
        <ele>875.6</ele>
        <time>2022-04-29T08:40:20Z</time>
      </trkpt>
      <trkpt lat="-34.357023" lon="118.331224">
        <ele>890.1</ele>
        <time>2022-04-29T08:40:54Z</time>
      </trkpt>
      <trkpt lat="-34.357236" lon="118.331288">
        <ele>902.2</ele>
        <time>2022-04-29T08:41:50Z</time>
      </trkpt>
      <trkpt lat="-34.357418" lon="118.331299">
        <ele>913.0</ele>
        <time>2022-04-29T08:42:37Z</time>
      </trkpt>
      <trkpt lat="-34.357515" lon="118.331267">
        <ele>923.7</ele>
        <time>2022-04-29T08:43:03Z</time>
      </trkpt>
      <trkpt lat="-34.357639" lon="118.33132">
        <ele>933.3</ele>
        <time>2022-04-29T08:43:36Z</time>
      </trkpt>
      <trkpt lat="-34.357759" lon="118.331395">
        <ele>938.7</ele>
        <time>2022-04-29T08:44:11Z</time>
      </trkpt>
      <trkpt lat="-34.357847" lon="118.331487">
        <ele>941.6</ele>
        <time>2022-04-29T08:44:41Z</time>
      </trkpt>
      <trkpt lat="-34.357949" lon="118.331438">
        <ele>942.2</ele>
        <time>2022-04-29T08:45:09Z</time>
      </trkpt>
      <trkpt lat="-34.358055" lon="118.331476">
        <ele>941.6</ele>
        <time>2022-04-29T08:45:37Z</time>
      </trkpt>
      <trkpt lat="-34.358086" lon="118.331315">
        <ele>940.8</ele>
        <time>2022-04-29T08:46:12Z</time>
      </trkpt>
      <trkpt lat="-34.358139" lon="118.331122">
        <ele>939.5</ele>
        <time>2022-04-29T08:46:55Z</time>
      </trkpt>
      <trkpt lat="-34.358131" lon="118.330934">
        <ele>937.3</ele>
        <time>2022-04-29T08:47:35Z</time>
      </trkpt>
      <trkpt lat="-34.358166" lon="118.330746">
        <ele>934.5</ele>
        <time>2022-04-29T08:48:16Z</time>
      </trkpt>
      <trkpt lat="-34.358175" lon="118.330543">
        <ele>932.0</ele>
        <time>2022-04-29T08:48:59Z</time>
      </trkpt>
      <trkpt lat="-34.358193" lon="118.330339">
        <ele>929.2</ele>
        <time>2022-04-29T08:49:43Z</time>
      </trkpt>
      <trkpt lat="-34.358215" lon="118.330129">
        <ele>927.6</ele>
        <time>2022-04-29T08:50:27Z</time>
      </trkpt>
      <trkpt lat="-34.358232" lon="118.329851">
        <ele>927.7</ele>
        <time>2022-04-29T08:51:27Z</time>
      </trkpt>
      <trkpt lat="-34.358237" lon="118.329706">
        <ele>928.7</ele>
        <time>2022-04-29T08:51:57Z</time>
      </trkpt>
      <trkpt lat="-34.358286" lon="118.329588">
        <ele>930.2</ele>
        <time>2022-04-29T08:52:25Z</time>
      </trkpt>
      <trkpt lat="-34.358312" lon="118.329411">
        <ele>931.8</ele>
        <time>2022-04-29T08:53:03Z</time>
      </trkpt>
      <trkpt lat="-34.358339" lon="118.329319">
        <ele>933.6</ele>
        <time>2022-04-29T08:53:24Z</time>
      </trkpt>
      <trkpt lat="-34.358374" lon="118.329239">
        <ele>935.5</ele>
        <time>2022-04-29T08:53:43Z</time>
      </trkpt>
      <trkpt lat="-34.358432" lon="118.329094">
        <ele>937.5</ele>
        <time>2022-04-29T08:54:17Z</time>
      </trkpt>
      <trkpt lat="-34.358467" lon="118.329046">
        <ele>939.1</ele>
        <time>2022-04-29T08:54:31Z</time>
      </trkpt>
      <trkpt lat="-34.358467" lon="118.328955">
        <ele>941.0</ele>
        <time>2022-04-29T08:54:50Z</time>
      </trkpt>
      <trkpt lat="-34.358498" lon="118.328778">
        <ele>943.1</ele>
        <time>2022-04-29T08:55:28Z</time>
      </trkpt>
      <trkpt lat="-34.358503" lon="118.328686">
        <ele>944.3</ele>
        <time>2022-04-29T08:55:48Z</time>
      </trkpt>
      <trkpt lat="-34.358542" lon="118.328606">
        <ele>945.5</ele>
        <time>2022-04-29T08:56:08Z</time>
      </trkpt>
      <trkpt lat="-34.358485" lon="118.328429">
        <ele>946.7</ele>
        <time>2022-04-29T08:56:48Z</time>
      </trkpt>
      <trkpt lat="-34.358454" lon="118.32823">
        <ele>948.1</ele>
        <time>2022-04-29T08:57:31Z</time>
      </trkpt>
      <trkpt lat="-34.358494" lon="118.327592">
        <ele>949.2</ele>
        <time>2022-04-29T08:59:46Z</time>
      </trkpt>
      <trkpt lat="-34.358472" lon="118.327238">
        <ele>950.2</ele>
        <time>2022-04-29T09:01:02Z</time>
      </trkpt>
      <trkpt lat="-34.358476" lon="118.327072">
        <ele>951.1</ele>
        <time>2022-04-29T09:01:37Z</time>
      </trkpt>
      <trkpt lat="-34.358556" lon="118.326964">
        <ele>951.8</ele>
        <time>2022-04-29T09:02:07Z</time>
      </trkpt>
      <trkpt lat="-34.358613" lon="118.326905">
        <ele>952.5</ele>
        <time>2022-04-29T09:02:27Z</time>
      </trkpt>
      <trkpt lat="-34.358626" lon="118.326766">
        <ele>952.6</ele>
        <time>2022-04-29T09:02:56Z</time>
      </trkpt>
      <trkpt lat="-34.358745" lon="118.326841">
        <ele>951.5</ele>
        <time>2022-04-29T09:03:31Z</time>
      </trkpt>
      <trkpt lat="-34.358861" lon="118.326868">
        <ele>950.6</ele>
        <time>2022-04-29T09:04:01Z</time>
      </trkpt>
      <trkpt lat="-34.358998" lon="118.326922">
        <ele>949.1</ele>
        <time>2022-04-29T09:04:38Z</time>
      </trkpt>
      <trkpt lat="-34.359069" lon="118.327045">
        <ele>946.8</ele>
        <time>2022-04-29T09:05:10Z</time>
      </trkpt>
      <trkpt lat="-34.359149" lon="118.327045">
        <ele>943.7</ele>
        <time>2022-04-29T09:05:30Z</time>
      </trkpt>
      <trkpt lat="-34.359264" lon="118.327131">
        <ele>938.0</ele>
        <time>2022-04-29T09:06:05Z</time>
      </trkpt>
      <trkpt lat="-34.359378" lon="118.327174">
        <ele>931.4</ele>
        <time>2022-04-29T09:06:36Z</time>
      </trkpt>
      <trkpt lat="-34.359477" lon="118.327206">
        <ele>924.5</ele>
        <time>2022-04-29T09:07:02Z</time>
      </trkpt>
      <trkpt lat="-34.359539" lon="118.327104">
        <ele>918.4</ele>
        <time>2022-04-29T09:07:29Z</time>
      </trkpt>
      <trkpt lat="-34.359618" lon="118.326954">
        <ele>912.9</ele>
        <time>2022-04-29T09:08:06Z</time>
      </trkpt>
      <trkpt lat="-34.359844" lon="118.326734">
        <ele>907.3</ele>
        <time>2022-04-29T09:09:21Z</time>
      </trkpt>
      <trkpt lat="-34.359853" lon="118.326594">
        <ele>901.9</ele>
        <time>2022-04-29T09:09:50Z</time>
      </trkpt>
      <trkpt lat="-34.359831" lon="118.326487">
        <ele>897.9</ele>
        <time>2022-04-29T09:10:14Z</time>
      </trkpt>
      <trkpt lat="-34.359716" lon="118.326374">
        <ele>893.9</ele>
        <time>2022-04-29T09:10:52Z</time>
      </trkpt>
      <trkpt lat="-34.359667" lon="118.326348">
        <ele>889.9</ele>
        <time>2022-04-29T09:11:06Z</time>
      </trkpt>
      <trkpt lat="-34.359623" lon="118.326224">
        <ele>886.5</ele>
        <time>2022-04-29T09:11:34Z</time>
      </trkpt>
      <trkpt lat="-34.35957" lon="118.32602">
        <ele>886.1</ele>
        <time>2022-04-29T09:12:19Z</time>
      </trkpt>
      <trkpt lat="-34.359468" lon="118.325999">
        <ele>886.3</ele>
        <time>2022-04-29T09:12:46Z</time>
      </trkpt>
      <trkpt lat="-34.359437" lon="118.325881">
        <ele>886.6</ele>
        <time>2022-04-29T09:13:12Z</time>
      </trkpt>
      <trkpt lat="-34.359446" lon="118.325779">
        <ele>886.5</ele>
        <time>2022-04-29T09:13:34Z</time>
      </trkpt>
      <trkpt lat="-34.359428" lon="118.325672">
        <ele>885.9</ele>
        <time>2022-04-29T09:13:57Z</time>
      </trkpt>
      <trkpt lat="-34.359384" lon="118.325559">
        <ele>885.2</ele>
        <time>2022-04-29T09:14:23Z</time>
      </trkpt>
      <trkpt lat="-34.359362" lon="118.325473">
        <ele>885.4</ele>
        <time>2022-04-29T09:14:42Z</time>
      </trkpt>
      <trkpt lat="-34.359331" lon="118.325339">
        <ele>884.8</ele>
        <time>2022-04-29T09:15:12Z</time>
      </trkpt>
      <trkpt lat="-34.359264" lon="118.325216">
        <ele>884.5</ele>
        <time>2022-04-29T09:15:43Z</time>
      </trkpt>
      <trkpt lat="-34.359238" lon="118.325108">
        <ele>884.5</ele>
        <time>2022-04-29T09:16:07Z</time>
      </trkpt>
      <trkpt lat="-34.359269" lon="118.325006">
        <ele>884.4</ele>
        <time>2022-04-29T09:16:30Z</time>
      </trkpt>
      <trkpt lat="-34.359224" lon="118.324835">
        <ele>884.0</ele>
        <time>2022-04-29T09:17:08Z</time>
      </trkpt>
      <trkpt lat="-34.359207" lon="118.324754">
        <ele>883.8</ele>
        <time>2022-04-29T09:17:25Z</time>
      </trkpt>
      <trkpt lat="-34.359229" lon="118.324642">
        <ele>883.7</ele>
        <time>2022-04-29T09:17:50Z</time>
      </trkpt>
      <trkpt lat="-34.359255" lon="118.324577">
        <ele>883.5</ele>
        <time>2022-04-29T09:18:05Z</time>
      </trkpt>
      <trkpt lat="-34.359273" lon="118.324508">
        <ele>883.2</ele>
        <time>2022-04-29T09:18:21Z</time>
      </trkpt>
      <trkpt lat="-34.35926" lon="118.324373">
        <ele>883.8</ele>
        <time>2022-04-29T09:18:49Z</time>
      </trkpt>
      <trkpt lat="-34.359224" lon="118.324282">
        <ele>884.9</ele>
        <time>2022-04-29T09:19:11Z</time>
      </trkpt>
      <trkpt lat="-34.359207" lon="118.32417">
        <ele>887.0</ele>
        <time>2022-04-29T09:19:35Z</time>
      </trkpt>
      <trkpt lat="-34.359189" lon="118.324095">
        <ele>888.6</ele>
        <time>2022-04-29T09:19:51Z</time>
      </trkpt>
      <trkpt lat="-34.359224" lon="118.324009">
        <ele>892.1</ele>
        <time>2022-04-29T09:20:12Z</time>
      </trkpt>
      <trkpt lat="-34.359158" lon="118.323864">
        <ele>895.3</ele>
        <time>2022-04-29T09:20:47Z</time>
      </trkpt>
      <trkpt lat="-34.359122" lon="118.323794">
        <ele>898.5</ele>
        <time>2022-04-29T09:21:04Z</time>
      </trkpt>
      <trkpt lat="-34.359069" lon="118.323724">
        <ele>902.1</ele>
        <time>2022-04-29T09:21:24Z</time>
      </trkpt>
      <trkpt lat="-34.359105" lon="118.323601">
        <ele>905.9</ele>
        <time>2022-04-29T09:21:52Z</time>
      </trkpt>
      <trkpt lat="-34.359012" lon="118.323472">
        <ele>909.5</ele>
        <time>2022-04-29T09:22:28Z</time>
      </trkpt>
      <trkpt lat="-34.359034" lon="118.323354">
        <ele>913.5</ele>
        <time>2022-04-29T09:22:54Z</time>
      </trkpt>
      <trkpt lat="-34.359034" lon="118.323236">
        <ele>916.9</ele>
        <time>2022-04-29T09:23:19Z</time>
      </trkpt>
      <trkpt lat="-34.359007" lon="118.323054">
        <ele>919.7</ele>
        <time>2022-04-29T09:23:58Z</time>
      </trkpt>
      <trkpt lat="-34.358984" lon="118.322973">
        <ele>921.2</ele>
        <time>2022-04-29T09:24:16Z</time>
      </trkpt>
      <trkpt lat="-34.358981" lon="118.322829">
        <ele>924.0</ele>
        <time>2022-04-29T09:24:47Z</time>
      </trkpt>
      <trkpt lat="-34.358963" lon="118.322753">
        <ele>925.4</ele>
        <time>2022-04-29T09:25:03Z</time>
      </trkpt>
      <trkpt lat="-34.358967" lon="118.322592">
        <ele>927.2</ele>
        <time>2022-04-29T09:25:37Z</time>
      </trkpt>
      <trkpt lat="-34.358945" lon="118.322458">
        <ele>928.7</ele>
        <time>2022-04-29T09:26:06Z</time>
      </trkpt>
      <trkpt lat="-34.358994" lon="118.322356">
        <ele>930.3</ele>
        <time>2022-04-29T09:26:31Z</time>
      </trkpt>
      <trkpt lat="-34.358932" lon="118.322222">
        <ele>930.5</ele>
        <time>2022-04-29T09:27:04Z</time>
      </trkpt>
      <trkpt lat="-34.358941" lon="118.322077">
        <ele>930.4</ele>
        <time>2022-04-29T09:27:35Z</time>
      </trkpt>
      <trkpt lat="-34.358976" lon="118.321943">
        <ele>930.2</ele>
        <time>2022-04-29T09:28:04Z</time>
      </trkpt>
      <trkpt lat="-34.358998" lon="118.321906">
        <ele>930.1</ele>
        <time>2022-04-29T09:28:14Z</time>
      </trkpt>
      <trkpt lat="-34.358945" lon="118.321697">
        <ele>929.4</ele>
        <time>2022-04-29T09:29:00Z</time>
      </trkpt>
      <trkpt lat="-34.358972" lon="118.321514">
        <ele>928.7</ele>
        <time>2022-04-29T09:29:40Z</time>
      </trkpt>
      <trkpt lat="-34.358963" lon="118.321284">
        <ele>926.9</ele>
        <time>2022-04-29T09:30:29Z</time>
      </trkpt>
      <trkpt lat="-34.358932" lon="118.321198">
        <ele>924.3</ele>
        <time>2022-04-29T09:30:48Z</time>
      </trkpt>
      <trkpt lat="-34.358914" lon="118.321042">
        <ele>921.0</ele>
        <time>2022-04-29T09:31:22Z</time>
      </trkpt>
      <trkpt lat="-34.358936" lon="118.32094">
        <ele>918.1</ele>
        <time>2022-04-29T09:31:44Z</time>
      </trkpt>
      <trkpt lat="-34.358781" lon="118.320752">
        <ele>915.0</ele>
        <time>2022-04-29T09:32:40Z</time>
      </trkpt>
      <trkpt lat="-34.358781" lon="118.320634">
        <ele>913.2</ele>
        <time>2022-04-29T09:33:05Z</time>
      </trkpt>
      <trkpt lat="-34.358817" lon="118.320474">
        <ele>912.3</ele>
        <time>2022-04-29T09:33:41Z</time>
      </trkpt>
      <trkpt lat="-34.358861" lon="118.320291">
        <ele>911.7</ele>
        <time>2022-04-29T09:34:21Z</time>
      </trkpt>
      <trkpt lat="-34.358892" lon="118.320168">
        <ele>911.5</ele>
        <time>2022-04-29T09:34:48Z</time>
      </trkpt>
      <trkpt lat="-34.358919" lon="118.320082">
        <ele>911.7</ele>
        <time>2022-04-29T09:35:08Z</time>
      </trkpt>
      <trkpt lat="-34.358984" lon="118.320018">
        <ele>911.6</ele>
        <time>2022-04-29T09:35:29Z</time>
      </trkpt>
      <trkpt lat="-34.359038" lon="118.319873">
        <ele>911.5</ele>
        <time>2022-04-29T09:36:03Z</time>
      </trkpt>
      <trkpt lat="-34.359114" lon="118.319787">
        <ele>912.0</ele>
        <time>2022-04-29T09:36:29Z</time>
      </trkpt>
      <trkpt lat="-34.359158" lon="118.319717">
        <ele>913.1</ele>
        <time>2022-04-29T09:36:48Z</time>
      </trkpt>
      <trkpt lat="-34.359229" lon="118.319621">
        <ele>913.6</ele>
        <time>2022-04-29T09:37:15Z</time>
      </trkpt>
      <trkpt lat="-34.359069" lon="118.319331">
        <ele>913.9</ele>
        <time>2022-04-29T09:38:29Z</time>
      </trkpt>
      <trkpt lat="-34.358967" lon="118.319218">
        <ele>913.8</ele>
        <time>2022-04-29T09:39:05Z</time>
      </trkpt>
      <trkpt lat="-34.358905" lon="118.319031">
        <ele>913.3</ele>
        <time>2022-04-29T09:39:47Z</time>
      </trkpt>
      <trkpt lat="-34.358839" lon="118.31888">
        <ele>912.2</ele>
        <time>2022-04-29T09:40:23Z</time>
      </trkpt>
      <trkpt lat="-34.358759" lon="118.31873">
        <ele>909.6</ele>
        <time>2022-04-29T09:41:01Z</time>
      </trkpt>
      <trkpt lat="-34.358706" lon="118.318494">
        <ele>906.2</ele>
        <time>2022-04-29T09:41:53Z</time>
      </trkpt>
      <trkpt lat="-34.358671" lon="118.318371">
        <ele>902.9</ele>
        <time>2022-04-29T09:42:21Z</time>
      </trkpt>
      <trkpt lat="-34.35864" lon="118.31821">
        <ele>899.9</ele>
        <time>2022-04-29T09:42:56Z</time>
      </trkpt>
      <trkpt lat="-34.358609" lon="118.318108">
        <ele>896.4</ele>
        <time>2022-04-29T09:43:19Z</time>
      </trkpt>
      <trkpt lat="-34.358569" lon="118.31792">
        <ele>892.2</ele>
        <time>2022-04-29T09:44:00Z</time>
      </trkpt>
      <trkpt lat="-34.358542" lon="118.317807">
        <ele>888.0</ele>
        <time>2022-04-29T09:44:25Z</time>
      </trkpt>
      <trkpt lat="-34.358472" lon="118.317738">
        <ele>883.4</ele>
        <time>2022-04-29T09:44:48Z</time>
      </trkpt>
      <trkpt lat="-34.358374" lon="118.3177">
        <ele>878.5</ele>
        <time>2022-04-29T09:45:14Z</time>
      </trkpt>
      <trkpt lat="-34.358281" lon="118.317668">
        <ele>873.4</ele>
        <time>2022-04-29T09:45:39Z</time>
      </trkpt>
      <trkpt lat="-34.358175" lon="118.317652">
        <ele>867.9</ele>
        <time>2022-04-29T09:46:07Z</time>
      </trkpt>
      <trkpt lat="-34.358175" lon="118.317561">
        <ele>863.5</ele>
        <time>2022-04-29T09:46:26Z</time>
      </trkpt>
      <trkpt lat="-34.358153" lon="118.317448">
        <ele>859.6</ele>
        <time>2022-04-29T09:46:50Z</time>
      </trkpt>
      <trkpt lat="-34.3581" lon="118.317405">
        <ele>856.0</ele>
        <time>2022-04-29T09:47:07Z</time>
      </trkpt>
      <trkpt lat="-34.358051" lon="118.317309">
        <ele>852.1</ele>
        <time>2022-04-29T09:47:31Z</time>
      </trkpt>
      <trkpt lat="-34.358024" lon="118.317169">
        <ele>848.4</ele>
        <time>2022-04-29T09:48:01Z</time>
      </trkpt>
      <trkpt lat="-34.358002" lon="118.31711">
        <ele>845.0</ele>
        <time>2022-04-29T09:48:15Z</time>
      </trkpt>
      <trkpt lat="-34.357984" lon="118.317013">
        <ele>841.5</ele>
        <time>2022-04-29T09:48:36Z</time>
      </trkpt>
      <trkpt lat="-34.357976" lon="118.316949">
        <ele>837.7</ele>
        <time>2022-04-29T09:48:50Z</time>
      </trkpt>
      <trkpt lat="-34.357905" lon="118.316863">
        <ele>834.0</ele>
        <time>2022-04-29T09:49:15Z</time>
      </trkpt>
      <trkpt lat="-34.357856" lon="118.316761">
        <ele>830.5</ele>
        <time>2022-04-29T09:49:40Z</time>
      </trkpt>
      <trkpt lat="-34.357833" lon="118.316686">
        <ele>827.6</ele>
        <time>2022-04-29T09:49:57Z</time>
      </trkpt>
      <trkpt lat="-34.357825" lon="118.316563">
        <ele>825.3</ele>
        <time>2022-04-29T09:50:23Z</time>
      </trkpt>
      <trkpt lat="-34.357883" lon="118.316418">
        <ele>823.6</ele>
        <time>2022-04-29T09:50:57Z</time>
      </trkpt>
      <trkpt lat="-34.357905" lon="118.3163">
        <ele>822.5</ele>
        <time>2022-04-29T09:51:23Z</time>
      </trkpt>
      <trkpt lat="-34.357895" lon="118.316112">
        <ele>822.5</ele>
        <time>2022-04-29T09:52:03Z</time>
      </trkpt>
      <trkpt lat="-34.35786" lon="118.315989">
        <ele>823.1</ele>
        <time>2022-04-29T09:52:30Z</time>
      </trkpt>
      <trkpt lat="-34.357816" lon="118.315849">
        <ele>824.3</ele>
        <time>2022-04-29T09:53:02Z</time>
      </trkpt>
      <trkpt lat="-34.357874" lon="118.315774">
        <ele>825.3</ele>
        <time>2022-04-29T09:53:24Z</time>
      </trkpt>
      <trkpt lat="-34.357914" lon="118.315694">
        <ele>826.6</ele>
        <time>2022-04-29T09:53:44Z</time>
      </trkpt>
      <trkpt lat="-34.35794" lon="118.315603">
        <ele>828.3</ele>
        <time>2022-04-29T09:54:04Z</time>
      </trkpt>
      <trkpt lat="-34.357976" lon="118.315442">
        <ele>830.0</ele>
        <time>2022-04-29T09:54:39Z</time>
      </trkpt>
      <trkpt lat="-34.357989" lon="118.31527">
        <ele>831.0</ele>
        <time>2022-04-29T09:55:16Z</time>
      </trkpt>
      <trkpt lat="-34.357976" lon="118.315077">
        <ele>831.6</ele>
        <time>2022-04-29T09:55:57Z</time>
      </trkpt>
      <trkpt lat="-34.357962" lon="118.315002">
        <ele>832.1</ele>
        <time>2022-04-29T09:56:13Z</time>
      </trkpt>
      <trkpt lat="-34.357993" lon="118.314803">
        <ele>832.7</ele>
        <time>2022-04-29T09:56:56Z</time>
      </trkpt>
      <trkpt lat="-34.357989" lon="118.314744">
        <ele>833.5</ele>
        <time>2022-04-29T09:57:09Z</time>
      </trkpt>
      <trkpt lat="-34.357936" lon="118.314562">
        <ele>834.2</ele>
        <time>2022-04-29T09:57:50Z</time>
      </trkpt>
      <trkpt lat="-34.357958" lon="118.314455">
        <ele>834.9</ele>
        <time>2022-04-29T09:58:13Z</time>
      </trkpt>
      <trkpt lat="-34.357909" lon="118.314358">
        <ele>836.6</ele>
        <time>2022-04-29T09:58:37Z</time>
      </trkpt>
      <trkpt lat="-34.357936" lon="118.314245">
        <ele>839.1</ele>
        <time>2022-04-29T09:59:02Z</time>
      </trkpt>
      <trkpt lat="-34.358007" lon="118.314144">
        <ele>841.8</ele>
        <time>2022-04-29T09:59:30Z</time>
      </trkpt>
      <trkpt lat="-34.357976" lon="118.314025">
        <ele>845.1</ele>
        <time>2022-04-29T09:59:56Z</time>
      </trkpt>
      <trkpt lat="-34.357958" lon="118.313891">
        <ele>849.1</ele>
        <time>2022-04-29T10:00:25Z</time>
      </trkpt>
      <trkpt lat="-34.357953" lon="118.313806">
        <ele>853.4</ele>
        <time>2022-04-29T10:00:43Z</time>
      </trkpt>
      <trkpt lat="-34.357967" lon="118.313725">
        <ele>857.7</ele>
        <time>2022-04-29T10:01:00Z</time>
      </trkpt>
      <trkpt lat="-34.357926" lon="118.313618">
        <ele>861.9</ele>
        <time>2022-04-29T10:01:25Z</time>
      </trkpt>
      <trkpt lat="-34.357971" lon="118.313511">
        <ele>865.4</ele>
        <time>2022-04-29T10:01:51Z</time>
      </trkpt>
      <trkpt lat="-34.357958" lon="118.313382">
        <ele>868.3</ele>
        <time>2022-04-29T10:02:18Z</time>
      </trkpt>
      <trkpt lat="-34.357905" lon="118.313328">
        <ele>870.3</ele>
        <time>2022-04-29T10:02:36Z</time>
      </trkpt>
      <trkpt lat="-34.357785" lon="118.313258">
        <ele>871.2</ele>
        <time>2022-04-29T10:03:10Z</time>
      </trkpt>
      <trkpt lat="-34.357833" lon="118.313081">
        <ele>871.0</ele>
        <time>2022-04-29T10:03:50Z</time>
      </trkpt>
      <trkpt lat="-34.35786" lon="118.31292">
        <ele>870.3</ele>
        <time>2022-04-29T10:04:24Z</time>
      </trkpt>
      <trkpt lat="-34.357856" lon="118.312749">
        <ele>868.4</ele>
        <time>2022-04-29T10:05:01Z</time>
      </trkpt>
      <trkpt lat="-34.357833" lon="118.31262">
        <ele>865.0</ele>
        <time>2022-04-29T10:05:29Z</time>
      </trkpt>
      <trkpt lat="-34.357821" lon="118.312454">
        <ele>860.4</ele>
        <time>2022-04-29T10:06:04Z</time>
      </trkpt>
      <trkpt lat="-34.357838" lon="118.31232">
        <ele>854.6</ele>
        <time>2022-04-29T10:06:33Z</time>
      </trkpt>
      <trkpt lat="-34.357883" lon="118.312255">
        <ele>848.5</ele>
        <time>2022-04-29T10:06:50Z</time>
      </trkpt>
      <trkpt lat="-34.357829" lon="118.312164">
        <ele>842.4</ele>
        <time>2022-04-29T10:07:14Z</time>
      </trkpt>
      <trkpt lat="-34.357821" lon="118.312035">
        <ele>836.9</ele>
        <time>2022-04-29T10:07:41Z</time>
      </trkpt>
      <trkpt lat="-34.357833" lon="118.311858">
        <ele>832.4</ele>
        <time>2022-04-29T10:08:19Z</time>
      </trkpt>
      <trkpt lat="-34.357869" lon="118.311692">
        <ele>828.8</ele>
        <time>2022-04-29T10:08:55Z</time>
      </trkpt>
      <trkpt lat="-34.357905" lon="118.31159">
        <ele>826.3</ele>
        <time>2022-04-29T10:09:19Z</time>
      </trkpt>
      <trkpt lat="-34.357807" lon="118.311354">
        <ele>824.3</ele>
        <time>2022-04-29T10:10:15Z</time>
      </trkpt>
      <trkpt lat="-34.357812" lon="118.31115">
        <ele>823.6</ele>
        <time>2022-04-29T10:10:58Z</time>
      </trkpt>
      <trkpt lat="-34.35775" lon="118.310962">
        <ele>823.4</ele>
        <time>2022-04-29T10:11:41Z</time>
      </trkpt>
      <trkpt lat="-34.357714" lon="118.310791">
        <ele>824.3</ele>
        <time>2022-04-29T10:12:18Z</time>
      </trkpt>
      <trkpt lat="-34.357705" lon="118.310641">
        <ele>826.2</ele>
        <time>2022-04-29T10:12:50Z</time>
      </trkpt>
      <trkpt lat="-34.357692" lon="118.310506">
        <ele>828.2</ele>
        <time>2022-04-29T10:13:19Z</time>
      </trkpt>
      <trkpt lat="-34.357701" lon="118.310265">
        <ele>830.1</ele>
        <time>2022-04-29T10:14:10Z</time>
      </trkpt>
      <trkpt lat="-34.357573" lon="118.310115">
        <ele>831.6</ele>
        <time>2022-04-29T10:14:56Z</time>
      </trkpt>
      <trkpt lat="-34.357586" lon="118.309959">
        <ele>833.0</ele>
        <time>2022-04-29T10:15:29Z</time>
      </trkpt>
      <trkpt lat="-34.357608" lon="118.309793">
        <ele>834.2</ele>
        <time>2022-04-29T10:16:05Z</time>
      </trkpt>
      <trkpt lat="-34.357612" lon="118.309605">
        <ele>835.1</ele>
        <time>2022-04-29T10:16:44Z</time>
      </trkpt>
      <trkpt lat="-34.357621" lon="118.309417">
        <ele>835.6</ele>
        <time>2022-04-29T10:17:24Z</time>
      </trkpt>
      <trkpt lat="-34.357648" lon="118.309305">
        <ele>833.9</ele>
        <time>2022-04-29T10:17:49Z</time>
      </trkpt>
      <trkpt lat="-34.357661" lon="118.309203">
        <ele>832.1</ele>
        <time>2022-04-29T10:18:11Z</time>
      </trkpt>
      <trkpt lat="-34.357581" lon="118.309342">
        <ele>829.0</ele>
        <time>2022-04-29T10:18:47Z</time>
      </trkpt>
      <trkpt lat="-34.35755" lon="118.309412">
        <ele>826.5</ele>
        <time>2022-04-29T10:19:03Z</time>
      </trkpt>
      <trkpt lat="-34.357487" lon="118.309476">
        <ele>824.7</ele>
        <time>2022-04-29T10:19:24Z</time>
      </trkpt>
      <trkpt lat="-34.357329" lon="118.309412">
        <ele>824.0</ele>
        <time>2022-04-29T10:20:08Z</time>
      </trkpt>
      <trkpt lat="-34.357271" lon="118.30931">
        <ele>824.4</ele>
        <time>2022-04-29T10:20:34Z</time>
      </trkpt>
      <trkpt lat="-34.357174" lon="118.309181">
        <ele>825.1</ele>
        <time>2022-04-29T10:21:11Z</time>
      </trkpt>
      <trkpt lat="-34.357183" lon="118.309004">
        <ele>825.2</ele>
        <time>2022-04-29T10:21:48Z</time>
      </trkpt>
      <trkpt lat="-34.357183" lon="118.30887">
        <ele>824.6</ele>
        <time>2022-04-29T10:22:17Z</time>
      </trkpt>
      <trkpt lat="-34.357187" lon="118.308779">
        <ele>823.8</ele>
        <time>2022-04-29T10:22:36Z</time>
      </trkpt>
      <trkpt lat="-34.357209" lon="118.308666">
        <ele>824.5</ele>
        <time>2022-04-29T10:23:01Z</time>
      </trkpt>
      <trkpt lat="-34.357232" lon="118.30857">
        <ele>826.1</ele>
        <time>2022-04-29T10:23:22Z</time>
      </trkpt>
      <trkpt lat="-34.357187" lon="118.308473">
        <ele>829.1</ele>
        <time>2022-04-29T10:23:45Z</time>
      </trkpt>
      <trkpt lat="-34.357152" lon="118.308393">
        <ele>831.4</ele>
        <time>2022-04-29T10:24:04Z</time>
      </trkpt>
      <trkpt lat="-34.357112" lon="118.308339">
        <ele>832.8</ele>
        <time>2022-04-29T10:24:20Z</time>
      </trkpt>
      <trkpt lat="-34.357059" lon="118.308269">
        <ele>833.5</ele>
        <time>2022-04-29T10:24:40Z</time>
      </trkpt>
      <trkpt lat="-34.357037" lon="118.308216">
        <ele>833.2</ele>
        <time>2022-04-29T10:24:53Z</time>
      </trkpt>
      <trkpt lat="-34.357" lon="118.308109">
        <ele>832.4</ele>
        <time>2022-04-29T10:25:17Z</time>
      </trkpt>
      <trkpt lat="-34.357" lon="118.308023">
        <ele>832.0</ele>
        <time>2022-04-29T10:25:35Z</time>
      </trkpt>
      <trkpt lat="-34.356984" lon="118.307953">
        <ele>832.5</ele>
        <time>2022-04-29T10:25:51Z</time>
      </trkpt>
      <trkpt lat="-34.356984" lon="118.307905">
        <ele>833.1</ele>
        <time>2022-04-29T10:26:01Z</time>
      </trkpt>
      <trkpt lat="-34.356984" lon="118.307808">
        <ele>833.0</ele>
        <time>2022-04-29T10:26:21Z</time>
      </trkpt>
      <trkpt lat="-34.356935" lon="118.307744">
        <ele>832.4</ele>
        <time>2022-04-29T10:26:40Z</time>
      </trkpt>
      <trkpt lat="-34.35686" lon="118.307658">
        <ele>830.9</ele>
        <time>2022-04-29T10:27:06Z</time>
      </trkpt>
      <trkpt lat="-34.356846" lon="118.307529">
        <ele>829.3</ele>
        <time>2022-04-29T10:27:34Z</time>
      </trkpt>
      <trkpt lat="-34.356775" lon="118.3074">
        <ele>827.8</ele>
        <time>2022-04-29T10:28:07Z</time>
      </trkpt>
      <trkpt lat="-34.356767" lon="118.307186">
        <ele>826.4</ele>
        <time>2022-04-29T10:28:52Z</time>
      </trkpt>
      <trkpt lat="-34.356705" lon="118.30702">
        <ele>824.8</ele>
        <time>2022-04-29T10:29:31Z</time>
      </trkpt>
      <trkpt lat="-34.356637" lon="118.306816">
        <ele>823.4</ele>
        <time>2022-04-29T10:30:17Z</time>
      </trkpt>
      <trkpt lat="-34.356625" lon="118.306794">
        <ele>822.1</ele>
        <time>2022-04-29T10:30:23Z</time>
      </trkpt>
      <trkpt lat="-34.356474" lon="118.3068">
        <ele>820.5</ele>
        <time>2022-04-29T10:31:01Z</time>
      </trkpt>
      <trkpt lat="-34.356403" lon="118.306821">
        <ele>818.5</ele>
        <time>2022-04-29T10:31:20Z</time>
      </trkpt>
      <trkpt lat="-34.356333" lon="118.306923">
        <ele>816.7</ele>
        <time>2022-04-29T10:31:48Z</time>
      </trkpt>
      <trkpt lat="-34.356297" lon="118.307009">
        <ele>816.0</ele>
        <time>2022-04-29T10:32:09Z</time>
      </trkpt>
      <trkpt lat="-34.356288" lon="118.307132">
        <ele>816.3</ele>
        <time>2022-04-29T10:32:35Z</time>
      </trkpt>
      <trkpt lat="-34.356288" lon="118.307229">
        <ele>816.7</ele>
        <time>2022-04-29T10:32:55Z</time>
      </trkpt>
      <trkpt lat="-34.356235" lon="118.307282">
        <ele>816.3</ele>
        <time>2022-04-29T10:33:13Z</time>
      </trkpt>
      <trkpt lat="-34.356178" lon="118.307358">
        <ele>814.5</ele>
        <time>2022-04-29T10:33:35Z</time>
      </trkpt>
      <trkpt lat="-34.356129" lon="118.307229">
        <ele>812.7</ele>
        <time>2022-04-29T10:34:05Z</time>
      </trkpt>
      <trkpt lat="-34.356111" lon="118.307068">
        <ele>811.1</ele>
        <time>2022-04-29T10:34:39Z</time>
      </trkpt>
      <trkpt lat="-34.356093" lon="118.306928">
        <ele>809.5</ele>
        <time>2022-04-29T10:35:09Z</time>
      </trkpt>
      <trkpt lat="-34.356093" lon="118.306843">
        <ele>808.1</ele>
        <time>2022-04-29T10:35:27Z</time>
      </trkpt>
      <trkpt lat="-34.356116" lon="118.306682">
        <ele>807.0</ele>
        <time>2022-04-29T10:36:02Z</time>
      </trkpt>
      <trkpt lat="-34.356116" lon="118.306564">
        <ele>806.4</ele>
        <time>2022-04-29T10:36:27Z</time>
      </trkpt>
      <trkpt lat="-34.356147" lon="118.30644">
        <ele>804.4</ele>
        <time>2022-04-29T10:36:54Z</time>
      </trkpt>
      <trkpt lat="-34.356142" lon="118.306333">
        <ele>801.3</ele>
        <time>2022-04-29T10:37:17Z</time>
      </trkpt>
      <trkpt lat="-34.356147" lon="118.306193">
        <ele>797.1</ele>
        <time>2022-04-29T10:37:46Z</time>
      </trkpt>
      <trkpt lat="-34.356093" lon="118.306102">
        <ele>793.2</ele>
        <time>2022-04-29T10:38:10Z</time>
      </trkpt>
      <trkpt lat="-34.356031" lon="118.30599">
        <ele>790.0</ele>
        <time>2022-04-29T10:38:39Z</time>
      </trkpt>
      <trkpt lat="-34.355952" lon="118.306054">
        <ele>786.8</ele>
        <time>2022-04-29T10:39:03Z</time>
      </trkpt>
      <trkpt lat="-34.355885" lon="118.306118">
        <ele>783.5</ele>
        <time>2022-04-29T10:39:25Z</time>
      </trkpt>
      <trkpt lat="-34.355752" lon="118.306097">
        <ele>780.2</ele>
        <time>2022-04-29T10:40:00Z</time>
      </trkpt>
      <trkpt lat="-34.35569" lon="118.306065">
        <ele>777.4</ele>
        <time>2022-04-29T10:40:17Z</time>
      </trkpt>
      <trkpt lat="-34.355628" lon="118.306038">
        <ele>775.0</ele>
        <time>2022-04-29T10:40:34Z</time>
      </trkpt>
      <trkpt lat="-34.355659" lon="118.305888">
        <ele>772.7</ele>
        <time>2022-04-29T10:41:06Z</time>
      </trkpt>
      <trkpt lat="-34.355673" lon="118.305829">
        <ele>771.5</ele>
        <time>2022-04-29T10:41:19Z</time>
      </trkpt>
      <trkpt lat="-34.355699" lon="118.305721">
        <ele>770.8</ele>
        <time>2022-04-29T10:41:43Z</time>
      </trkpt>
      <trkpt lat="-34.35577" lon="118.305614">
        <ele>771.5</ele>
        <time>2022-04-29T10:42:12Z</time>
      </trkpt>
      <trkpt lat="-34.355845" lon="118.305501">
        <ele>772.5</ele>
        <time>2022-04-29T10:42:43Z</time>
      </trkpt>
      <trkpt lat="-34.355943" lon="118.305373">
        <ele>774.2</ele>
        <time>2022-04-29T10:43:20Z</time>
      </trkpt>
      <trkpt lat="-34.356005" lon="118.305303">
        <ele>775.8</ele>
        <time>2022-04-29T10:43:42Z</time>
      </trkpt>
      <trkpt lat="-34.356054" lon="118.305228">
        <ele>777.2</ele>
        <time>2022-04-29T10:44:02Z</time>
      </trkpt>
      <trkpt lat="-34.356133" lon="118.305131">
        <ele>778.3</ele>
        <time>2022-04-29T10:44:31Z</time>
      </trkpt>
      <trkpt lat="-34.356186" lon="118.305029">
        <ele>778.8</ele>
        <time>2022-04-29T10:44:56Z</time>
      </trkpt>
      <trkpt lat="-34.356226" lon="118.304986">
        <ele>779.3</ele>
        <time>2022-04-29T10:45:10Z</time>
      </trkpt>
      <trkpt lat="-34.356262" lon="118.304879">
        <ele>779.7</ele>
        <time>2022-04-29T10:45:34Z</time>
      </trkpt>
      <trkpt lat="-34.356266" lon="118.304767">
        <ele>779.7</ele>
        <time>2022-04-29T10:45:58Z</time>
      </trkpt>
      <trkpt lat="-34.356305" lon="118.304654">
        <ele>779.5</ele>
        <time>2022-04-29T10:46:24Z</time>
      </trkpt>
      <trkpt lat="-34.356328" lon="118.304568">
        <ele>779.0</ele>
        <time>2022-04-29T10:46:43Z</time>
      </trkpt>
      <trkpt lat="-34.356377" lon="118.304482">
        <ele>778.6</ele>
        <time>2022-04-29T10:47:05Z</time>
      </trkpt>
      <trkpt lat="-34.356412" lon="118.304375">
        <ele>778.2</ele>
        <time>2022-04-29T10:47:30Z</time>
      </trkpt>
      <trkpt lat="-34.356483" lon="118.304278">
        <ele>778.1</ele>
        <time>2022-04-29T10:47:57Z</time>
      </trkpt>
      <trkpt lat="-34.356563" lon="118.304219">
        <ele>778.6</ele>
        <time>2022-04-29T10:48:21Z</time>
      </trkpt>
      <trkpt lat="-34.356629" lon="118.304085">
        <ele>779.5</ele>
        <time>2022-04-29T10:48:54Z</time>
      </trkpt>
      <trkpt lat="-34.356678" lon="118.303999">
        <ele>780.5</ele>
        <time>2022-04-29T10:49:16Z</time>
      </trkpt>
      <trkpt lat="-34.356727" lon="118.303881">
        <ele>781.7</ele>
        <time>2022-04-29T10:49:44Z</time>
      </trkpt>
      <trkpt lat="-34.35682" lon="118.303817">
        <ele>783.4</ele>
        <time>2022-04-29T10:50:12Z</time>
      </trkpt>
      <trkpt lat="-34.356908" lon="118.303753">
        <ele>785.6</ele>
        <time>2022-04-29T10:50:38Z</time>
      </trkpt>
      <trkpt lat="-34.357014" lon="118.303688">
        <ele>788.2</ele>
        <time>2022-04-29T10:51:09Z</time>
      </trkpt>
      <trkpt lat="-34.357093" lon="118.303656">
        <ele>791.2</ele>
        <time>2022-04-29T10:51:30Z</time>
      </trkpt>
      <trkpt lat="-34.357121" lon="118.303538">
        <ele>794.8</ele>
        <time>2022-04-29T10:51:56Z</time>
      </trkpt>
      <trkpt lat="-34.357125" lon="118.303436">
        <ele>798.9</ele>
        <time>2022-04-29T10:52:18Z</time>
      </trkpt>
      <trkpt lat="-34.357103" lon="118.303329">
        <ele>803.0</ele>
        <time>2022-04-29T10:52:41Z</time>
      </trkpt>
      <trkpt lat="-34.357028" lon="118.303254">
        <ele>806.9</ele>
        <time>2022-04-29T10:53:06Z</time>
      </trkpt>
      <trkpt lat="-34.357014" lon="118.303098">
        <ele>810.6</ele>
        <time>2022-04-29T10:53:39Z</time>
      </trkpt>
      <trkpt lat="-34.357019" lon="118.302916">
        <ele>814.4</ele>
        <time>2022-04-29T10:54:18Z</time>
      </trkpt>
      <trkpt lat="-34.35701" lon="118.302771">
        <ele>817.8</ele>
        <time>2022-04-29T10:54:49Z</time>
      </trkpt>
      <trkpt lat="-34.357014" lon="118.302631">
        <ele>821.0</ele>
        <time>2022-04-29T10:55:18Z</time>
      </trkpt>
      <trkpt lat="-34.356997" lon="118.302519">
        <ele>823.8</ele>
        <time>2022-04-29T10:55:43Z</time>
      </trkpt>
      <trkpt lat="-34.356969" lon="118.302369">
        <ele>826.6</ele>
        <time>2022-04-29T10:56:15Z</time>
      </trkpt>
      <trkpt lat="-34.356953" lon="118.302261">
        <ele>829.2</ele>
        <time>2022-04-29T10:56:38Z</time>
      </trkpt>
      <trkpt lat="-34.356935" lon="118.302181">
        <ele>831.1</ele>
        <time>2022-04-29T10:56:56Z</time>
      </trkpt>
      <trkpt lat="-34.356948" lon="118.302015">
        <ele>832.8</ele>
        <time>2022-04-29T10:57:31Z</time>
      </trkpt>
      <trkpt lat="-34.356953" lon="118.301961">
        <ele>834.6</ele>
        <time>2022-04-29T10:57:43Z</time>
      </trkpt>
      <trkpt lat="-34.35693" lon="118.301843">
        <ele>836.7</ele>
        <time>2022-04-29T10:58:08Z</time>
      </trkpt>
      <trkpt lat="-34.356917" lon="118.301773">
        <ele>839.1</ele>
        <time>2022-04-29T10:58:24Z</time>
      </trkpt>
      <trkpt lat="-34.356895" lon="118.301698">
        <ele>841.9</ele>
        <time>2022-04-29T10:58:40Z</time>
      </trkpt>
      <trkpt lat="-34.356917" lon="118.301559">
        <ele>845.0</ele>
        <time>2022-04-29T10:59:11Z</time>
      </trkpt>
      <trkpt lat="-34.356935" lon="118.30143">
        <ele>848.4</ele>
        <time>2022-04-29T10:59:38Z</time>
      </trkpt>
      <trkpt lat="-34.356882" lon="118.301312">
        <ele>852.1</ele>
        <time>2022-04-29T11:00:07Z</time>
      </trkpt>
      <trkpt lat="-34.356882" lon="118.301167">
        <ele>856.0</ele>
        <time>2022-04-29T11:00:37Z</time>
      </trkpt>
      <trkpt lat="-34.356886" lon="118.300952">
        <ele>860.0</ele>
        <time>2022-04-29T11:01:23Z</time>
      </trkpt>
      <trkpt lat="-34.356899" lon="118.300834">
        <ele>864.3</ele>
        <time>2022-04-29T11:01:48Z</time>
      </trkpt>
      <trkpt lat="-34.356868" lon="118.300684">
        <ele>868.6</ele>
        <time>2022-04-29T11:02:21Z</time>
      </trkpt>
      <trkpt lat="-34.356793" lon="118.300561">
        <ele>872.6</ele>
        <time>2022-04-29T11:02:53Z</time>
      </trkpt>
      <trkpt lat="-34.356784" lon="118.300421">
        <ele>876.2</ele>
        <time>2022-04-29T11:03:23Z</time>
      </trkpt>
      <trkpt lat="-34.356749" lon="118.300352">
        <ele>879.4</ele>
        <time>2022-04-29T11:03:40Z</time>
      </trkpt>
      <trkpt lat="-34.356753" lon="118.300148">
        <ele>882.1</ele>
        <time>2022-04-29T11:04:23Z</time>
      </trkpt>
      <trkpt lat="-34.356665" lon="118.299998">
        <ele>884.5</ele>
        <time>2022-04-29T11:05:03Z</time>
      </trkpt>
      <trkpt lat="-34.356603" lon="118.299896">
        <ele>886.7</ele>
        <time>2022-04-29T11:05:29Z</time>
      </trkpt>
      <trkpt lat="-34.356589" lon="118.299745">
        <ele>888.6</ele>
        <time>2022-04-29T11:06:01Z</time>
      </trkpt>
      <trkpt lat="-34.356585" lon="118.299606">
        <ele>890.5</ele>
        <time>2022-04-29T11:06:31Z</time>
      </trkpt>
      <trkpt lat="-34.356575" lon="118.299499">
        <ele>892.5</ele>
        <time>2022-04-29T11:06:54Z</time>
      </trkpt>
      <trkpt lat="-34.356541" lon="118.299407">
        <ele>894.5</ele>
        <time>2022-04-29T11:07:15Z</time>
      </trkpt>
      <trkpt lat="-34.356523" lon="118.299316">
        <ele>896.1</ele>
        <time>2022-04-29T11:07:35Z</time>
      </trkpt>
      <trkpt lat="-34.356496" lon="118.299182">
        <ele>897.8</ele>
        <time>2022-04-29T11:08:04Z</time>
      </trkpt>
      <trkpt lat="-34.356461" lon="118.299107">
        <ele>899.8</ele>
        <time>2022-04-29T11:08:22Z</time>
      </trkpt>
      <trkpt lat="-34.356381" lon="118.298989">
        <ele>901.9</ele>
        <time>2022-04-29T11:08:55Z</time>
      </trkpt>
      <trkpt lat="-34.356328" lon="118.298919">
        <ele>904.1</ele>
        <time>2022-04-29T11:09:15Z</time>
      </trkpt>
      <trkpt lat="-34.356266" lon="118.29885">
        <ele>906.2</ele>
        <time>2022-04-29T11:09:37Z</time>
      </trkpt>
      <trkpt lat="-34.35624" lon="118.298769">
        <ele>908.3</ele>
        <time>2022-04-29T11:09:55Z</time>
      </trkpt>
      <trkpt lat="-34.356186" lon="118.298646">
        <ele>910.2</ele>
        <time>2022-04-29T11:10:24Z</time>
      </trkpt>
      <trkpt lat="-34.356138" lon="118.298555">
        <ele>911.8</ele>
        <time>2022-04-29T11:10:47Z</time>
      </trkpt>
      <trkpt lat="-34.356111" lon="118.298469">
        <ele>912.8</ele>
        <time>2022-04-29T11:11:07Z</time>
      </trkpt>
      <trkpt lat="-34.356062" lon="118.298372">
        <ele>913.5</ele>
        <time>2022-04-29T11:11:31Z</time>
      </trkpt>
      <trkpt lat="-34.356036" lon="118.298281">
        <ele>914.1</ele>
        <time>2022-04-29T11:11:51Z</time>
      </trkpt>
      <trkpt lat="-34.355996" lon="118.298163">
        <ele>914.5</ele>
        <time>2022-04-29T11:12:18Z</time>
      </trkpt>
      <trkpt lat="-34.355961" lon="118.298072">
        <ele>914.8</ele>
        <time>2022-04-29T11:12:40Z</time>
      </trkpt>
      <trkpt lat="-34.355911" lon="118.297884">
        <ele>915.1</ele>
        <time>2022-04-29T11:13:21Z</time>
      </trkpt>
      <trkpt lat="-34.35589" lon="118.297761">
        <ele>915.5</ele>
        <time>2022-04-29T11:13:48Z</time>
      </trkpt>
      <trkpt lat="-34.355863" lon="118.29768">
        <ele>915.8</ele>
        <time>2022-04-29T11:14:06Z</time>
      </trkpt>
      <trkpt lat="-34.355845" lon="118.297567">
        <ele>916.2</ele>
        <time>2022-04-29T11:14:31Z</time>
      </trkpt>
      <trkpt lat="-34.355828" lon="118.29746">
        <ele>916.6</ele>
        <time>2022-04-29T11:14:54Z</time>
      </trkpt>
      <trkpt lat="-34.355841" lon="118.297358">
        <ele>917.6</ele>
        <time>2022-04-29T11:15:16Z</time>
      </trkpt>
      <trkpt lat="-34.355849" lon="118.297235">
        <ele>919.1</ele>
        <time>2022-04-29T11:15:42Z</time>
      </trkpt>
      <trkpt lat="-34.355868" lon="118.297111">
        <ele>920.9</ele>
        <time>2022-04-29T11:16:08Z</time>
      </trkpt>
      <trkpt lat="-34.355876" lon="118.29702">
        <ele>923.1</ele>
        <time>2022-04-29T11:16:28Z</time>
      </trkpt>
      <trkpt lat="-34.355903" lon="118.296913">
        <ele>925.4</ele>
        <time>2022-04-29T11:16:52Z</time>
      </trkpt>
      <trkpt lat="-34.355872" lon="118.29679">
        <ele>927.6</ele>
        <time>2022-04-29T11:17:19Z</time>
      </trkpt>
      <trkpt lat="-34.355872" lon="118.296672">
        <ele>930.2</ele>
        <time>2022-04-29T11:17:44Z</time>
      </trkpt>
      <trkpt lat="-34.355859" lon="118.296613">
        <ele>932.7</ele>
        <time>2022-04-29T11:17:57Z</time>
      </trkpt>
      <trkpt lat="-34.355828" lon="118.296521">
        <ele>935.5</ele>
        <time>2022-04-29T11:18:18Z</time>
      </trkpt>
      <trkpt lat="-34.355766" lon="118.296441">
        <ele>938.1</ele>
        <time>2022-04-29T11:18:41Z</time>
      </trkpt>
      <trkpt lat="-34.355721" lon="118.296387">
        <ele>940.7</ele>
        <time>2022-04-29T11:18:57Z</time>
      </trkpt>
      <trkpt lat="-34.355717" lon="118.296253">
        <ele>942.8</ele>
        <time>2022-04-29T11:19:26Z</time>
      </trkpt>
      <trkpt lat="-34.355735" lon="118.296151">
        <ele>944.5</ele>
        <time>2022-04-29T11:19:48Z</time>
      </trkpt>
      <trkpt lat="-34.355717" lon="118.296017">
        <ele>945.8</ele>
        <time>2022-04-29T11:20:16Z</time>
      </trkpt>
      <trkpt lat="-34.355717" lon="118.295969">
        <ele>946.5</ele>
        <time>2022-04-29T11:20:27Z</time>
      </trkpt>
      <trkpt lat="-34.355677" lon="118.295926">
        <ele>946.9</ele>
        <time>2022-04-29T11:20:40Z</time>
      </trkpt>
      <trkpt lat="-34.355628" lon="118.295867">
        <ele>947.0</ele>
        <time>2022-04-29T11:20:58Z</time>
      </trkpt>
      <trkpt lat="-34.355593" lon="118.29576">
        <ele>946.7</ele>
        <time>2022-04-29T11:21:22Z</time>
      </trkpt>
      <trkpt lat="-34.355535" lon="118.295502">
        <ele>946.2</ele>
        <time>2022-04-29T11:22:19Z</time>
      </trkpt>
      <trkpt lat="-34.355509" lon="118.295411">
        <ele>945.5</ele>
        <time>2022-04-29T11:22:39Z</time>
      </trkpt>
      <trkpt lat="-34.355482" lon="118.295255">
        <ele>944.7</ele>
        <time>2022-04-29T11:23:13Z</time>
      </trkpt>
      <trkpt lat="-34.355403" lon="118.295084">
        <ele>944.0</ele>
        <time>2022-04-29T11:23:55Z</time>
      </trkpt>
      <trkpt lat="-34.355332" lon="118.294976">
        <ele>943.4</ele>
        <time>2022-04-29T11:24:24Z</time>
      </trkpt>
      <trkpt lat="-34.355292" lon="118.294875">
        <ele>942.8</ele>
        <time>2022-04-29T11:24:48Z</time>
      </trkpt>
      <trkpt lat="-34.35523" lon="118.29474">
        <ele>942.5</ele>
        <time>2022-04-29T11:25:20Z</time>
      </trkpt>
      <trkpt lat="-34.35519" lon="118.294606">
        <ele>942.5</ele>
        <time>2022-04-29T11:25:50Z</time>
      </trkpt>
      <trkpt lat="-34.355079" lon="118.294515">
        <ele>942.6</ele>
        <time>2022-04-29T11:26:25Z</time>
      </trkpt>
      <trkpt lat="-34.355035" lon="118.294461">
        <ele>943.2</ele>
        <time>2022-04-29T11:26:41Z</time>
      </trkpt>
      <trkpt lat="-34.354985" lon="118.294306">
        <ele>943.8</ele>
        <time>2022-04-29T11:27:16Z</time>
      </trkpt>
      <trkpt lat="-34.35496" lon="118.294161">
        <ele>944.6</ele>
        <time>2022-04-29T11:27:48Z</time>
      </trkpt>
      <trkpt lat="-34.354871" lon="118.294064">
        <ele>945.6</ele>
        <time>2022-04-29T11:28:18Z</time>
      </trkpt>
      <trkpt lat="-34.354783" lon="118.293957">
        <ele>946.7</ele>
        <time>2022-04-29T11:28:50Z</time>
      </trkpt>
      <trkpt lat="-34.354703" lon="118.293812">
        <ele>948.0</ele>
        <time>2022-04-29T11:29:27Z</time>
      </trkpt>
      <trkpt lat="-34.354636" lon="118.293684">
        <ele>949.5</ele>
        <time>2022-04-29T11:29:59Z</time>
      </trkpt>
      <trkpt lat="-34.354597" lon="118.293539">
        <ele>951.0</ele>
        <time>2022-04-29T11:30:32Z</time>
      </trkpt>
      <trkpt lat="-34.354526" lon="118.293426">
        <ele>952.5</ele>
        <time>2022-04-29T11:31:02Z</time>
      </trkpt>
      <trkpt lat="-34.354481" lon="118.293367">
        <ele>954.1</ele>
        <time>2022-04-29T11:31:18Z</time>
      </trkpt>
      <trkpt lat="-34.354375" lon="118.293271">
        <ele>955.6</ele>
        <time>2022-04-29T11:31:53Z</time>
      </trkpt>
      <trkpt lat="-34.354282" lon="118.293174">
        <ele>957.0</ele>
        <time>2022-04-29T11:32:24Z</time>
      </trkpt>
      <trkpt lat="-34.354207" lon="118.293104">
        <ele>958.3</ele>
        <time>2022-04-29T11:32:48Z</time>
      </trkpt>
      <trkpt lat="-34.35414" lon="118.293024">
        <ele>959.5</ele>
        <time>2022-04-29T11:33:12Z</time>
      </trkpt>
      <trkpt lat="-34.354078" lon="118.292943">
        <ele>960.5</ele>
        <time>2022-04-29T11:33:36Z</time>
      </trkpt>
      <trkpt lat="-34.354016" lon="118.292809">
        <ele>961.4</ele>
        <time>2022-04-29T11:34:08Z</time>
      </trkpt>
      <trkpt lat="-34.354003" lon="118.292729">
        <ele>962.1</ele>
        <time>2022-04-29T11:34:26Z</time>
      </trkpt>
      <trkpt lat="-34.353959" lon="118.292638">
        <ele>962.5</ele>
        <time>2022-04-29T11:34:48Z</time>
      </trkpt>
      <trkpt lat="-34.354008" lon="118.292541">
        <ele>962.9</ele>
        <time>2022-04-29T11:35:12Z</time>
      </trkpt>
      <trkpt lat="-34.354061" lon="118.292461">
        <ele>963.2</ele>
        <time>2022-04-29T11:35:34Z</time>
      </trkpt>
      <trkpt lat="-34.354104" lon="118.292407">
        <ele>963.4</ele>
        <time>2022-04-29T11:35:50Z</time>
      </trkpt>
      <trkpt lat="-34.354194" lon="118.29231">
        <ele>963.5</ele>
        <time>2022-04-29T11:36:20Z</time>
      </trkpt>
      <trkpt lat="-34.354287" lon="118.292267">
        <ele>963.7</ele>
        <time>2022-04-29T11:36:46Z</time>
      </trkpt>
      <trkpt lat="-34.354353" lon="118.292241">
        <ele>963.8</ele>
        <time>2022-04-29T11:37:04Z</time>
      </trkpt>
      <trkpt lat="-34.354433" lon="118.292198">
        <ele>963.8</ele>
        <time>2022-04-29T11:37:26Z</time>
      </trkpt>
      <trkpt lat="-34.354517" lon="118.292192">
        <ele>963.7</ele>
        <time>2022-04-29T11:37:48Z</time>
      </trkpt>
      <trkpt lat="-34.354632" lon="118.292198">
        <ele>963.5</ele>
        <time>2022-04-29T11:38:17Z</time>
      </trkpt>
      <trkpt lat="-34.354698" lon="118.292198">
        <ele>963.4</ele>
        <time>2022-04-29T11:38:35Z</time>
      </trkpt>
      <trkpt lat="-34.354814" lon="118.292101">
        <ele>963.3</ele>
        <time>2022-04-29T11:39:10Z</time>
      </trkpt>
      <trkpt lat="-34.35488" lon="118.292031">
        <ele>963.2</ele>
        <time>2022-04-29T11:39:33Z</time>
      </trkpt>
      <trkpt lat="-34.354946" lon="118.291935">
        <ele>963.4</ele>
        <time>2022-04-29T11:40:00Z</time>
      </trkpt>
      <trkpt lat="-34.354999" lon="118.291887">
        <ele>963.8</ele>
        <time>2022-04-29T11:40:17Z</time>
      </trkpt>
      <trkpt lat="-34.355097" lon="118.291849">
        <ele>964.6</ele>
        <time>2022-04-29T11:40:43Z</time>
      </trkpt>
      <trkpt lat="-34.355208" lon="118.291795">
        <ele>965.6</ele>
        <time>2022-04-29T11:41:13Z</time>
      </trkpt>
      <trkpt lat="-34.355279" lon="118.291763">
        <ele>966.9</ele>
        <time>2022-04-29T11:41:33Z</time>
      </trkpt>
      <trkpt lat="-34.355348" lon="118.291731">
        <ele>968.3</ele>
        <time>2022-04-29T11:41:52Z</time>
      </trkpt>
      <trkpt lat="-34.355407" lon="118.291693">
        <ele>969.9</ele>
        <time>2022-04-29T11:42:09Z</time>
      </trkpt>
      <trkpt lat="-34.355496" lon="118.291661">
        <ele>971.9</ele>
        <time>2022-04-29T11:42:33Z</time>
      </trkpt>
      <trkpt lat="-34.355575" lon="118.291624">
        <ele>974.1</ele>
        <time>2022-04-29T11:42:55Z</time>
      </trkpt>
      <trkpt lat="-34.355637" lon="118.291608">
        <ele>976.5</ele>
        <time>2022-04-29T11:43:11Z</time>
      </trkpt>
      <trkpt lat="-34.355717" lon="118.291554">
        <ele>979.1</ele>
        <time>2022-04-29T11:43:34Z</time>
      </trkpt>
      <trkpt lat="-34.355783" lon="118.291516">
        <ele>981.5</ele>
        <time>2022-04-29T11:43:53Z</time>
      </trkpt>
      <trkpt lat="-34.35588" lon="118.291457">
        <ele>984.0</ele>
        <time>2022-04-29T11:44:21Z</time>
      </trkpt>
      <trkpt lat="-34.355952" lon="118.291431">
        <ele>986.2</ele>
        <time>2022-04-29T11:44:40Z</time>
      </trkpt>
      <trkpt lat="-34.356054" lon="118.291355">
        <ele>988.0</ele>
        <time>2022-04-29T11:45:11Z</time>
      </trkpt>
      <trkpt lat="-34.356138" lon="118.291296">
        <ele>989.4</ele>
        <time>2022-04-29T11:45:36Z</time>
      </trkpt>
      <trkpt lat="-34.356217" lon="118.291243">
        <ele>990.4</ele>
        <time>2022-04-29T11:45:59Z</time>
      </trkpt>
      <trkpt lat="-34.356302" lon="118.2912">
        <ele>991.0</ele>
        <time>2022-04-29T11:46:23Z</time>
      </trkpt>
      <trkpt lat="-34.356355" lon="118.291157">
        <ele>991.3</ele>
        <time>2022-04-29T11:46:39Z</time>
      </trkpt>
      <trkpt lat="-34.356417" lon="118.290991">
        <ele>991.0</ele>
        <time>2022-04-29T11:47:18Z</time>
      </trkpt>
      <trkpt lat="-34.356457" lon="118.290883">
        <ele>990.1</ele>
        <time>2022-04-29T11:47:42Z</time>
      </trkpt>
      <trkpt lat="-34.356505" lon="118.290765">
        <ele>989.0</ele>
        <time>2022-04-29T11:48:10Z</time>
      </trkpt>
      <trkpt lat="-34.356581" lon="118.290669">
        <ele>987.5</ele>
        <time>2022-04-29T11:48:39Z</time>
      </trkpt>
      <trkpt lat="-34.35666" lon="118.290562">
        <ele>985.5</ele>
        <time>2022-04-29T11:49:09Z</time>
      </trkpt>
      <trkpt lat="-34.356736" lon="118.290486">
        <ele>983.3</ele>
        <time>2022-04-29T11:49:34Z</time>
      </trkpt>
      <trkpt lat="-34.356824" lon="118.290465">
        <ele>980.8</ele>
        <time>2022-04-29T11:49:57Z</time>
      </trkpt>
      <trkpt lat="-34.356938" lon="118.290503">
        <ele>978.3</ele>
        <time>2022-04-29T11:50:28Z</time>
      </trkpt>
      <trkpt lat="-34.357041" lon="118.290503">
        <ele>975.8</ele>
        <time>2022-04-29T11:50:54Z</time>
      </trkpt>
      <trkpt lat="-34.357116" lon="118.290503">
        <ele>973.3</ele>
        <time>2022-04-29T11:51:13Z</time>
      </trkpt>
      <trkpt lat="-34.357161" lon="118.29047">
        <ele>970.6</ele>
        <time>2022-04-29T11:51:27Z</time>
      </trkpt>
      <trkpt lat="-34.357245" lon="118.290449">
        <ele>968.0</ele>
        <time>2022-04-29T11:51:49Z</time>
      </trkpt>
      <trkpt lat="-34.357302" lon="118.290417">
        <ele>965.3</ele>
        <time>2022-04-29T11:52:05Z</time>
      </trkpt>
      <trkpt lat="-34.357387" lon="118.290465">
        <ele>962.3</ele>
        <time>2022-04-29T11:52:29Z</time>
      </trkpt>
      <trkpt lat="-34.357506" lon="118.290497">
        <ele>959.3</ele>
        <time>2022-04-29T11:53:00Z</time>
      </trkpt>
      <trkpt lat="-34.357581" lon="118.290529">
        <ele>956.4</ele>
        <time>2022-04-29T11:53:21Z</time>
      </trkpt>
      <trkpt lat="-34.357661" lon="118.290567">
        <ele>953.6</ele>
        <time>2022-04-29T11:53:43Z</time>
      </trkpt>
      <trkpt lat="-34.357719" lon="118.290545">
        <ele>951.2</ele>
        <time>2022-04-29T11:53:58Z</time>
      </trkpt>
      <trkpt lat="-34.357776" lon="118.290529">
        <ele>948.5</ele>
        <time>2022-04-29T11:54:13Z</time>
      </trkpt>
      <trkpt lat="-34.35786" lon="118.290492">
        <ele>945.5</ele>
        <time>2022-04-29T11:54:36Z</time>
      </trkpt>
      <trkpt lat="-34.357967" lon="118.290486">
        <ele>942.5</ele>
        <time>2022-04-29T11:55:04Z</time>
      </trkpt>
      <trkpt lat="-34.35821" lon="118.290481">
        <ele>939.6</ele>
        <time>2022-04-29T11:56:06Z</time>
      </trkpt>
      <trkpt lat="-34.358268" lon="118.29047">
        <ele>937.1</ele>
        <time>2022-04-29T11:56:21Z</time>
      </trkpt>
      <trkpt lat="-34.358361" lon="118.290368">
        <ele>935.1</ele>
        <time>2022-04-29T11:56:53Z</time>
      </trkpt>
      <trkpt lat="-34.358441" lon="118.290309">
        <ele>933.2</ele>
        <time>2022-04-29T11:57:17Z</time>
      </trkpt>
      <trkpt lat="-34.358503" lon="118.29024">
        <ele>931.5</ele>
        <time>2022-04-29T11:57:39Z</time>
      </trkpt>
      <trkpt lat="-34.358626" lon="118.290197">
        <ele>929.9</ele>
        <time>2022-04-29T11:58:12Z</time>
      </trkpt>
      <trkpt lat="-34.358755" lon="118.29017">
        <ele>928.4</ele>
        <time>2022-04-29T11:58:45Z</time>
      </trkpt>
      <trkpt lat="-34.358874" lon="118.290159">
        <ele>926.9</ele>
        <time>2022-04-29T11:59:16Z</time>
      </trkpt>
      <trkpt lat="-34.358945" lon="118.290041">
        <ele>926.1</ele>
        <time>2022-04-29T11:59:47Z</time>
      </trkpt>
      <trkpt lat="-34.35899" lon="118.289982">
        <ele>925.6</ele>
        <time>2022-04-29T12:00:04Z</time>
      </trkpt>
      <trkpt lat="-34.359046" lon="118.289853">
        <ele>925.5</ele>
        <time>2022-04-29T12:00:35Z</time>
      </trkpt>
      <trkpt lat="-34.359087" lon="118.289687">
        <ele>925.5</ele>
        <time>2022-04-29T12:01:12Z</time>
      </trkpt>
      <trkpt lat="-34.359108" lon="118.289574">
        <ele>925.4</ele>
        <time>2022-04-29T12:01:36Z</time>
      </trkpt>
      <trkpt lat="-34.359136" lon="118.289467">
        <ele>925.3</ele>
        <time>2022-04-29T12:02:00Z</time>
      </trkpt>
      <trkpt lat="-34.359176" lon="118.289381">
        <ele>925.5</ele>
        <time>2022-04-29T12:02:21Z</time>
      </trkpt>
      <trkpt lat="-34.359224" lon="118.289338">
        <ele>925.5</ele>
        <time>2022-04-29T12:02:36Z</time>
      </trkpt>
      <trkpt lat="-34.359277" lon="118.289312">
        <ele>925.6</ele>
        <time>2022-04-29T12:02:51Z</time>
      </trkpt>
      <trkpt lat="-34.359344" lon="118.289258">
        <ele>925.6</ele>
        <time>2022-04-29T12:03:11Z</time>
      </trkpt>
      <trkpt lat="-34.359415" lon="118.289188">
        <ele>925.7</ele>
        <time>2022-04-29T12:03:35Z</time>
      </trkpt>
      <trkpt lat="-34.359494" lon="118.289172">
        <ele>925.8</ele>
        <time>2022-04-29T12:03:55Z</time>
      </trkpt>
      <trkpt lat="-34.35957" lon="118.289129">
        <ele>926.0</ele>
        <time>2022-04-29T12:04:17Z</time>
      </trkpt>
      <trkpt lat="-34.359636" lon="118.289076">
        <ele>926.4</ele>
        <time>2022-04-29T12:04:37Z</time>
      </trkpt>
      <trkpt lat="-34.359654" lon="118.289033">
        <ele>926.6</ele>
        <time>2022-04-29T12:04:47Z</time>
      </trkpt>
      <trkpt lat="-34.359725" lon="118.289011">
        <ele>927.0</ele>
        <time>2022-04-29T12:05:06Z</time>
      </trkpt>
      <trkpt lat="-34.359803" lon="118.288979">
        <ele>927.3</ele>
        <time>2022-04-29T12:05:28Z</time>
      </trkpt>
      <trkpt lat="-34.359902" lon="118.288947">
        <ele>927.5</ele>
        <time>2022-04-29T12:05:54Z</time>
      </trkpt>
      <trkpt lat="-34.359968" lon="118.288936">
        <ele>927.8</ele>
        <time>2022-04-29T12:06:11Z</time>
      </trkpt>
      <trkpt lat="-34.360021" lon="118.288915">
        <ele>928.5</ele>
        <time>2022-04-29T12:06:25Z</time>
      </trkpt>
      <trkpt lat="-34.36011" lon="118.288899">
        <ele>929.5</ele>
        <time>2022-04-29T12:06:48Z</time>
      </trkpt>
      <trkpt lat="-34.360176" lon="118.288877">
        <ele>930.5</ele>
        <time>2022-04-29T12:07:06Z</time>
      </trkpt>
      <trkpt lat="-34.360221" lon="118.288856">
        <ele>931.7</ele>
        <time>2022-04-29T12:07:18Z</time>
      </trkpt>
      <trkpt lat="-34.360292" lon="118.288813">
        <ele>933.0</ele>
        <time>2022-04-29T12:07:38Z</time>
      </trkpt>
      <trkpt lat="-34.360354" lon="118.28877">
        <ele>934.4</ele>
        <time>2022-04-29T12:07:57Z</time>
      </trkpt>
      <trkpt lat="-34.360393" lon="118.288759">
        <ele>935.9</ele>
        <time>2022-04-29T12:08:07Z</time>
      </trkpt>
      <trkpt lat="-34.360442" lon="118.288705">
        <ele>937.5</ele>
        <time>2022-04-29T12:08:24Z</time>
      </trkpt>
      <trkpt lat="-34.360491" lon="118.288646">
        <ele>939.2</ele>
        <time>2022-04-29T12:08:42Z</time>
      </trkpt>
      <trkpt lat="-34.360531" lon="118.288577">
        <ele>941.0</ele>
        <time>2022-04-29T12:09:00Z</time>
      </trkpt>
      <trkpt lat="-34.36061" lon="118.288534">
        <ele>942.8</ele>
        <time>2022-04-29T12:09:22Z</time>
      </trkpt>
      <trkpt lat="-34.360708" lon="118.288475">
        <ele>944.5</ele>
        <time>2022-04-29T12:09:50Z</time>
      </trkpt>
      <trkpt lat="-34.360779" lon="118.288437">
        <ele>946.0</ele>
        <time>2022-04-29T12:10:10Z</time>
      </trkpt>
      <trkpt lat="-34.360916" lon="118.288448">
        <ele>947.4</ele>
        <time>2022-04-29T12:10:45Z</time>
      </trkpt>
      <trkpt lat="-34.361009" lon="118.288475">
        <ele>948.5</ele>
        <time>2022-04-29T12:11:10Z</time>
      </trkpt>
      <trkpt lat="-34.361106" lon="118.288507">
        <ele>949.5</ele>
        <time>2022-04-29T12:11:36Z</time>
      </trkpt>
      <trkpt lat="-34.361199" lon="118.288534">
        <ele>950.3</ele>
        <time>2022-04-29T12:12:00Z</time>
      </trkpt>
      <trkpt lat="-34.361275" lon="118.288593">
        <ele>950.8</ele>
        <time>2022-04-29T12:12:23Z</time>
      </trkpt>
      <trkpt lat="-34.361354" lon="118.288646">
        <ele>951.2</ele>
        <time>2022-04-29T12:12:46Z</time>
      </trkpt>
      <trkpt lat="-34.361408" lon="118.288673">
        <ele>951.2</ele>
        <time>2022-04-29T12:13:01Z</time>
      </trkpt>
      <trkpt lat="-34.361452" lon="118.288636">
        <ele>950.9</ele>
        <time>2022-04-29T12:13:15Z</time>
      </trkpt>
      <trkpt lat="-34.361478" lon="118.288587">
        <ele>950.3</ele>
        <time>2022-04-29T12:13:27Z</time>
      </trkpt>
      <trkpt lat="-34.361523" lon="118.288539">
        <ele>949.4</ele>
        <time>2022-04-29T12:13:43Z</time>
      </trkpt>
      <trkpt lat="-34.361598" lon="118.288512">
        <ele>948.2</ele>
        <time>2022-04-29T12:14:03Z</time>
      </trkpt>
      <trkpt lat="-34.361673" lon="118.288496">
        <ele>946.5</ele>
        <time>2022-04-29T12:14:22Z</time>
      </trkpt>
      <trkpt lat="-34.361731" lon="118.288475">
        <ele>944.7</ele>
        <time>2022-04-29T12:14:38Z</time>
      </trkpt>
      <trkpt lat="-34.361828" lon="118.288453">
        <ele>942.7</ele>
        <time>2022-04-29T12:15:03Z</time>
      </trkpt>
      <trkpt lat="-34.361903" lon="118.288421">
        <ele>940.3</ele>
        <time>2022-04-29T12:15:24Z</time>
      </trkpt>
      <trkpt lat="-34.361979" lon="118.288394">
        <ele>937.5</ele>
        <time>2022-04-29T12:15:44Z</time>
      </trkpt>
      <trkpt lat="-34.362054" lon="118.288378">
        <ele>934.5</ele>
        <time>2022-04-29T12:16:03Z</time>
      </trkpt>
      <trkpt lat="-34.362089" lon="118.288362">
        <ele>931.1</ele>
        <time>2022-04-29T12:16:13Z</time>
      </trkpt>
      <trkpt lat="-34.362129" lon="118.288362">
        <ele>927.5</ele>
        <time>2022-04-29T12:16:23Z</time>
      </trkpt>
      <trkpt lat="-34.362174" lon="118.288308">
        <ele>923.9</ele>
        <time>2022-04-29T12:16:39Z</time>
      </trkpt>
      <trkpt lat="-34.3622" lon="118.28826">
        <ele>920.0</ele>
        <time>2022-04-29T12:16:52Z</time>
      </trkpt>
      <trkpt lat="-34.362243" lon="118.288207">
        <ele>916.1</ele>
        <time>2022-04-29T12:17:08Z</time>
      </trkpt>
      <trkpt lat="-34.36228" lon="118.288174">
        <ele>912.4</ele>
        <time>2022-04-29T12:17:19Z</time>
      </trkpt>
      <trkpt lat="-34.362305" lon="118.288121">
        <ele>908.6</ele>
        <time>2022-04-29T12:17:32Z</time>
      </trkpt>
      <trkpt lat="-34.362373" lon="118.28811">
        <ele>904.6</ele>
        <time>2022-04-29T12:17:50Z</time>
      </trkpt>
      <trkpt lat="-34.362475" lon="118.288105">
        <ele>900.8</ele>
        <time>2022-04-29T12:18:16Z</time>
      </trkpt>
      <trkpt lat="-34.362546" lon="118.288094">
        <ele>897.1</ele>
        <time>2022-04-29T12:18:34Z</time>
      </trkpt>
      <trkpt lat="-34.362599" lon="118.288083">
        <ele>893.5</ele>
        <time>2022-04-29T12:18:48Z</time>
      </trkpt>
      <trkpt lat="-34.362647" lon="118.288072">
        <ele>889.6</ele>
        <time>2022-04-29T12:19:01Z</time>
      </trkpt>
      <trkpt lat="-34.362696" lon="118.287997">
        <ele>885.6</ele>
        <time>2022-04-29T12:19:21Z</time>
      </trkpt>
      <trkpt lat="-34.362749" lon="118.287965">
        <ele>881.5</ele>
        <time>2022-04-29T12:19:36Z</time>
      </trkpt>
      <trkpt lat="-34.362785" lon="118.287933">
        <ele>877.6</ele>
        <time>2022-04-29T12:19:47Z</time>
      </trkpt>
      <trkpt lat="-34.36282" lon="118.287895">
        <ele>873.6</ele>
        <time>2022-04-29T12:20:00Z</time>
      </trkpt>
      <trkpt lat="-34.362882" lon="118.287842">
        <ele>869.6</ele>
        <time>2022-04-29T12:20:19Z</time>
      </trkpt>
      <trkpt lat="-34.36294" lon="118.287767">
        <ele>865.5</ele>
        <time>2022-04-29T12:20:41Z</time>
      </trkpt>
      <trkpt lat="-34.362997" lon="118.287718">
        <ele>861.5</ele>
        <time>2022-04-29T12:20:59Z</time>
      </trkpt>
      <trkpt lat="-34.363033" lon="118.287697">
        <ele>856.9</ele>
        <time>2022-04-29T12:21:09Z</time>
      </trkpt>
      <trkpt lat="-34.363095" lon="118.287659">
        <ele>852.1</ele>
        <time>2022-04-29T12:21:27Z</time>
      </trkpt>
      <trkpt lat="-34.363143" lon="118.287616">
        <ele>847.4</ele>
        <time>2022-04-29T12:21:42Z</time>
      </trkpt>
      <trkpt lat="-34.363183" lon="118.28759">
        <ele>843.0</ele>
        <time>2022-04-29T12:21:54Z</time>
      </trkpt>
      <trkpt lat="-34.363267" lon="118.287541">
        <ele>838.9</ele>
        <time>2022-04-29T12:22:18Z</time>
      </trkpt>
      <trkpt lat="-34.363307" lon="118.287364">
        <ele>835.0</ele>
        <time>2022-04-29T12:22:57Z</time>
      </trkpt>
      <trkpt lat="-34.363391" lon="118.287279">
        <ele>831.1</ele>
        <time>2022-04-29T12:23:25Z</time>
      </trkpt>
      <trkpt lat="-34.363445" lon="118.287236">
        <ele>827.3</ele>
        <time>2022-04-29T12:23:41Z</time>
      </trkpt>
      <trkpt lat="-34.36348" lon="118.287182">
        <ele>823.4</ele>
        <time>2022-04-29T12:23:56Z</time>
      </trkpt>
      <trkpt lat="-34.363532" lon="118.28715">
        <ele>819.5</ele>
        <time>2022-04-29T12:24:11Z</time>
      </trkpt>
      <trkpt lat="-34.363582" lon="118.287091">
        <ele>815.8</ele>
        <time>2022-04-29T12:24:29Z</time>
      </trkpt>
      <trkpt lat="-34.36363" lon="118.287026">
        <ele>812.6</ele>
        <time>2022-04-29T12:24:47Z</time>
      </trkpt>
      <trkpt lat="-34.36367" lon="118.286951">
        <ele>809.8</ele>
        <time>2022-04-29T12:25:06Z</time>
      </trkpt>
      <trkpt lat="-34.363732" lon="118.286839">
        <ele>807.1</ele>
        <time>2022-04-29T12:25:35Z</time>
      </trkpt>
      <trkpt lat="-34.363772" lon="118.286785">
        <ele>804.3</ele>
        <time>2022-04-29T12:25:50Z</time>
      </trkpt>
      <trkpt lat="-34.363839" lon="118.286715">
        <ele>801.5</ele>
        <time>2022-04-29T12:26:13Z</time>
      </trkpt>
      <trkpt lat="-34.363887" lon="118.286619">
        <ele>798.6</ele>
        <time>2022-04-29T12:26:36Z</time>
      </trkpt>
      <trkpt lat="-34.363923" lon="118.286554">
        <ele>795.5</ele>
        <time>2022-04-29T12:26:53Z</time>
      </trkpt>
      <trkpt lat="-34.363967" lon="118.286485">
        <ele>792.3</ele>
        <time>2022-04-29T12:27:11Z</time>
      </trkpt>
      <trkpt lat="-34.364019" lon="118.286383">
        <ele>789.3</ele>
        <time>2022-04-29T12:27:37Z</time>
      </trkpt>
      <trkpt lat="-34.364064" lon="118.286281">
        <ele>786.3</ele>
        <time>2022-04-29T12:28:01Z</time>
      </trkpt>
      <trkpt lat="-34.364087" lon="118.28619">
        <ele>783.4</ele>
        <time>2022-04-29T12:28:22Z</time>
      </trkpt>
      <trkpt lat="-34.364171" lon="118.28597">
        <ele>780.5</ele>
        <time>2022-04-29T12:29:13Z</time>
      </trkpt>
      <trkpt lat="-34.364224" lon="118.285878">
        <ele>777.8</ele>
        <time>2022-04-29T12:29:36Z</time>
      </trkpt>
      <trkpt lat="-34.364258" lon="118.285793">
        <ele>774.9</ele>
        <time>2022-04-29T12:29:57Z</time>
      </trkpt>
      <trkpt lat="-34.364317" lon="118.285664">
        <ele>772.1</ele>
        <time>2022-04-29T12:30:28Z</time>
      </trkpt>
      <trkpt lat="-34.364365" lon="118.285621">
        <ele>769.3</ele>
        <time>2022-04-29T12:30:43Z</time>
      </trkpt>
      <trkpt lat="-34.364405" lon="118.28554">
        <ele>766.5</ele>
        <time>2022-04-29T12:31:03Z</time>
      </trkpt>
      <trkpt lat="-34.364441" lon="118.285444">
        <ele>764.0</ele>
        <time>2022-04-29T12:31:26Z</time>
      </trkpt>
      <trkpt lat="-34.364485" lon="118.285288">
        <ele>761.5</ele>
        <time>2022-04-29T12:32:00Z</time>
      </trkpt>
      <trkpt lat="-34.364507" lon="118.285181">
        <ele>759.0</ele>
        <time>2022-04-29T12:32:24Z</time>
      </trkpt>
      <trkpt lat="-34.364529" lon="118.285042">
        <ele>756.5</ele>
        <time>2022-04-29T12:32:54Z</time>
      </trkpt>
      <trkpt lat="-34.364552" lon="118.28495">
        <ele>754.1</ele>
        <time>2022-04-29T12:33:14Z</time>
      </trkpt>
      <trkpt lat="-34.364587" lon="118.284827">
        <ele>751.7</ele>
        <time>2022-04-29T12:33:42Z</time>
      </trkpt>
      <trkpt lat="-34.364614" lon="118.284698">
        <ele>749.5</ele>
        <time>2022-04-29T12:34:10Z</time>
      </trkpt>
      <trkpt lat="-34.364652" lon="118.284527">
        <ele>747.5</ele>
        <time>2022-04-29T12:34:48Z</time>
      </trkpt>
      <trkpt lat="-34.364662" lon="118.28436">
        <ele>745.5</ele>
        <time>2022-04-29T12:35:23Z</time>
      </trkpt>
      <trkpt lat="-34.364702" lon="118.284248">
        <ele>743.9</ele>
        <time>2022-04-29T12:35:49Z</time>
      </trkpt>
      <trkpt lat="-34.364751" lon="118.284189">
        <ele>742.5</ele>
        <time>2022-04-29T12:36:06Z</time>
      </trkpt>
      <trkpt lat="-34.364782" lon="118.284108">
        <ele>741.5</ele>
        <time>2022-04-29T12:36:25Z</time>
      </trkpt>
      <trkpt lat="-34.364804" lon="118.284065">
        <ele>740.5</ele>
        <time>2022-04-29T12:36:36Z</time>
      </trkpt>
      <trkpt lat="-34.364857" lon="118.283899">
        <ele>739.9</ele>
        <time>2022-04-29T12:37:14Z</time>
      </trkpt>
      <trkpt lat="-34.364893" lon="118.283883">
        <ele>739.4</ele>
        <time>2022-04-29T12:37:23Z</time>
      </trkpt>
      <trkpt lat="-34.364941" lon="118.283792">
        <ele>738.9</ele>
        <time>2022-04-29T12:37:46Z</time>
      </trkpt>
      <trkpt lat="-34.364985" lon="118.283749">
        <ele>738.5</ele>
        <time>2022-04-29T12:38:01Z</time>
      </trkpt>
      <trkpt lat="-34.365003" lon="118.283609">
        <ele>738.1</ele>
        <time>2022-04-29T12:38:31Z</time>
      </trkpt>
      <trkpt lat="-34.365012" lon="118.283518">
        <ele>737.7</ele>
        <time>2022-04-29T12:38:50Z</time>
      </trkpt>
      <trkpt lat="-34.365012" lon="118.283438">
        <ele>737.4</ele>
        <time>2022-04-29T12:39:07Z</time>
      </trkpt>
      <trkpt lat="-34.365034" lon="118.28333">
        <ele>736.9</ele>
        <time>2022-04-29T12:39:31Z</time>
      </trkpt>
      <trkpt lat="-34.365043" lon="118.283261">
        <ele>736.4</ele>
        <time>2022-04-29T12:39:46Z</time>
      </trkpt>
      <trkpt lat="-34.365087" lon="118.283196">
        <ele>735.6</ele>
        <time>2022-04-29T12:40:03Z</time>
      </trkpt>
      <trkpt lat="-34.365118" lon="118.283062">
        <ele>734.9</ele>
        <time>2022-04-29T12:40:33Z</time>
      </trkpt>
      <trkpt lat="-34.365158" lon="118.282982">
        <ele>734.0</ele>
        <time>2022-04-29T12:40:53Z</time>
      </trkpt>
      <trkpt lat="-34.365184" lon="118.282901">
        <ele>733.2</ele>
        <time>2022-04-29T12:41:11Z</time>
      </trkpt>
      <trkpt lat="-34.365198" lon="118.282805">
        <ele>732.2</ele>
        <time>2022-04-29T12:41:32Z</time>
      </trkpt>
      <trkpt lat="-34.365198" lon="118.282729">
        <ele>731.1</ele>
        <time>2022-04-29T12:41:48Z</time>
      </trkpt>
      <trkpt lat="-34.365194" lon="118.282617">
        <ele>729.9</ele>
        <time>2022-04-29T12:42:12Z</time>
      </trkpt>
      <trkpt lat="-34.365189" lon="118.282531">
        <ele>728.6</ele>
        <time>2022-04-29T12:42:30Z</time>
      </trkpt>
      <trkpt lat="-34.365201" lon="118.282445">
        <ele>727.4</ele>
        <time>2022-04-29T12:42:48Z</time>
      </trkpt>
      <trkpt lat="-34.365211" lon="118.282322">
        <ele>726.1</ele>
        <time>2022-04-29T12:43:15Z</time>
      </trkpt>
      <trkpt lat="-34.365194" lon="118.282241">
        <ele>724.8</ele>
        <time>2022-04-29T12:43:32Z</time>
      </trkpt>
      <trkpt lat="-34.365153" lon="118.282161">
        <ele>723.5</ele>
        <time>2022-04-29T12:43:52Z</time>
      </trkpt>
      <trkpt lat="-34.365136" lon="118.282096">
        <ele>722.2</ele>
        <time>2022-04-29T12:44:06Z</time>
      </trkpt>
      <trkpt lat="-34.365074" lon="118.281989">
        <ele>720.9</ele>
        <time>2022-04-29T12:44:34Z</time>
      </trkpt>
      <trkpt lat="-34.365016" lon="118.281823">
        <ele>719.6</ele>
        <time>2022-04-29T12:45:12Z</time>
      </trkpt>
      <trkpt lat="-34.364999" lon="118.281764">
        <ele>718.5</ele>
        <time>2022-04-29T12:45:26Z</time>
      </trkpt>
      <trkpt lat="-34.364946" lon="118.281694">
        <ele>717.5</ele>
        <time>2022-04-29T12:45:46Z</time>
      </trkpt>
      <trkpt lat="-34.364919" lon="118.281544">
        <ele>716.8</ele>
        <time>2022-04-29T12:46:18Z</time>
      </trkpt>
      <trkpt lat="-34.364884" lon="118.281426">
        <ele>716.3</ele>
        <time>2022-04-29T12:46:45Z</time>
      </trkpt>
      <trkpt lat="-34.364848" lon="118.281292">
        <ele>715.9</ele>
        <time>2022-04-29T12:47:15Z</time>
      </trkpt>
      <trkpt lat="-34.364848" lon="118.281179">
        <ele>715.6</ele>
        <time>2022-04-29T12:47:39Z</time>
      </trkpt>
      <trkpt lat="-34.364848" lon="118.28112">
        <ele>715.5</ele>
        <time>2022-04-29T12:47:51Z</time>
      </trkpt>
      <trkpt lat="-34.364773" lon="118.28104">
        <ele>715.7</ele>
        <time>2022-04-29T12:48:17Z</time>
      </trkpt>
      <trkpt lat="-34.364738" lon="118.28097">
        <ele>716.3</ele>
        <time>2022-04-29T12:48:34Z</time>
      </trkpt>
      <trkpt lat="-34.364714" lon="118.280916">
        <ele>717.0</ele>
        <time>2022-04-29T12:48:47Z</time>
      </trkpt>
      <trkpt lat="-34.364683" lon="118.280863">
        <ele>717.6</ele>
        <time>2022-04-29T12:49:01Z</time>
      </trkpt>
      <trkpt lat="-34.364596" lon="118.280761">
        <ele>718.4</ele>
        <time>2022-04-29T12:49:32Z</time>
      </trkpt>
      <trkpt lat="-34.364547" lon="118.280729">
        <ele>719.2</ele>
        <time>2022-04-29T12:49:46Z</time>
      </trkpt>
      <trkpt lat="-34.364472" lon="118.280675">
        <ele>720.0</ele>
        <time>2022-04-29T12:50:09Z</time>
      </trkpt>
      <trkpt lat="-34.364374" lon="118.280541">
        <ele>720.7</ele>
        <time>2022-04-29T12:50:46Z</time>
      </trkpt>
      <trkpt lat="-34.36433" lon="118.280476">
        <ele>721.3</ele>
        <time>2022-04-29T12:51:04Z</time>
      </trkpt>
      <trkpt lat="-34.364286" lon="118.280455">
        <ele>721.8</ele>
        <time>2022-04-29T12:51:16Z</time>
      </trkpt>
      <trkpt lat="-34.364219" lon="118.280396">
        <ele>722.3</ele>
        <time>2022-04-29T12:51:38Z</time>
      </trkpt>
      <trkpt lat="-34.364149" lon="118.280337">
        <ele>722.6</ele>
        <time>2022-04-29T12:52:00Z</time>
      </trkpt>
      <trkpt lat="-34.364087" lon="118.28031">
        <ele>722.9</ele>
        <time>2022-04-29T12:52:17Z</time>
      </trkpt>
      <trkpt lat="-34.364002" lon="118.28031">
        <ele>723.2</ele>
        <time>2022-04-29T12:52:38Z</time>
      </trkpt>
      <trkpt lat="-34.363945" lon="118.280283">
        <ele>723.6</ele>
        <time>2022-04-29T12:52:54Z</time>
      </trkpt>
      <trkpt lat="-34.363887" lon="118.280197">
        <ele>724.1</ele>
        <time>2022-04-29T12:53:17Z</time>
      </trkpt>
      <trkpt lat="-34.363812" lon="118.280128">
        <ele>724.5</ele>
        <time>2022-04-29T12:53:42Z</time>
      </trkpt>
      <trkpt lat="-34.363777" lon="118.280069">
        <ele>725.0</ele>
        <time>2022-04-29T12:53:57Z</time>
      </trkpt>
      <trkpt lat="-34.363741" lon="118.279999">
        <ele>725.5</ele>
        <time>2022-04-29T12:54:14Z</time>
      </trkpt>
      <trkpt lat="-34.363675" lon="118.279951">
        <ele>726.2</ele>
        <time>2022-04-29T12:54:34Z</time>
      </trkpt>
      <trkpt lat="-34.363635" lon="118.279908">
        <ele>726.9</ele>
        <time>2022-04-29T12:54:48Z</time>
      </trkpt>
      <trkpt lat="-34.363604" lon="118.27986">
        <ele>727.7</ele>
        <time>2022-04-29T12:55:01Z</time>
      </trkpt>
      <trkpt lat="-34.363551" lon="118.279795">
        <ele>728.7</ele>
        <time>2022-04-29T12:55:20Z</time>
      </trkpt>
      <trkpt lat="-34.363498" lon="118.279742">
        <ele>729.7</ele>
        <time>2022-04-29T12:55:38Z</time>
      </trkpt>
      <trkpt lat="-34.363458" lon="118.279682">
        <ele>730.7</ele>
        <time>2022-04-29T12:55:54Z</time>
      </trkpt>
      <trkpt lat="-34.363414" lon="118.279629">
        <ele>731.7</ele>
        <time>2022-04-29T12:56:10Z</time>
      </trkpt>
      <trkpt lat="-34.363374" lon="118.279581">
        <ele>732.7</ele>
        <time>2022-04-29T12:56:25Z</time>
      </trkpt>
      <trkpt lat="-34.363307" lon="118.279495">
        <ele>733.8</ele>
        <time>2022-04-29T12:56:50Z</time>
      </trkpt>
      <trkpt lat="-34.363272" lon="118.279463">
        <ele>734.8</ele>
        <time>2022-04-29T12:57:01Z</time>
      </trkpt>
      <trkpt lat="-34.363236" lon="118.279393">
        <ele>735.7</ele>
        <time>2022-04-29T12:57:18Z</time>
      </trkpt>
      <trkpt lat="-34.363197" lon="118.279339">
        <ele>736.7</ele>
        <time>2022-04-29T12:57:34Z</time>
      </trkpt>
      <trkpt lat="-34.363152" lon="118.279243">
        <ele>737.9</ele>
        <time>2022-04-29T12:57:57Z</time>
      </trkpt>
      <trkpt lat="-34.363117" lon="118.279168">
        <ele>739.4</ele>
        <time>2022-04-29T12:58:15Z</time>
      </trkpt>
      <trkpt lat="-34.363055" lon="118.279055">
        <ele>740.5</ele>
        <time>2022-04-29T12:58:44Z</time>
      </trkpt>
      <trkpt lat="-34.363006" lon="118.278985">
        <ele>741.4</ele>
        <time>2022-04-29T12:59:03Z</time>
      </trkpt>
      <trkpt lat="-34.362971" lon="118.278948">
        <ele>742.0</ele>
        <time>2022-04-29T12:59:15Z</time>
      </trkpt>
      <trkpt lat="-34.362891" lon="118.278894">
        <ele>742.4</ele>
        <time>2022-04-29T12:59:39Z</time>
      </trkpt>
      <trkpt lat="-34.362816" lon="118.278894">
        <ele>742.4</ele>
        <time>2022-04-29T12:59:58Z</time>
      </trkpt>
      <trkpt lat="-34.362701" lon="118.278846">
        <ele>742.1</ele>
        <time>2022-04-29T13:00:29Z</time>
      </trkpt>
      <trkpt lat="-34.362599" lon="118.278803">
        <ele>741.7</ele>
        <time>2022-04-29T13:00:57Z</time>
      </trkpt>
      <trkpt lat="-34.362515" lon="118.278781">
        <ele>741.3</ele>
        <time>2022-04-29T13:01:19Z</time>
      </trkpt>
      <trkpt lat="-34.362461" lon="118.278754">
        <ele>740.7</ele>
        <time>2022-04-29T13:01:34Z</time>
      </trkpt>
      <trkpt lat="-34.36235" lon="118.278717">
        <ele>739.9</ele>
        <time>2022-04-29T13:02:03Z</time>
      </trkpt>
      <trkpt lat="-34.362288" lon="118.278679">
        <ele>738.8</ele>
        <time>2022-04-29T13:02:21Z</time>
      </trkpt>
      <trkpt lat="-34.362249" lon="118.278663">
        <ele>738.0</ele>
        <time>2022-04-29T13:02:32Z</time>
      </trkpt>
      <trkpt lat="-34.362169" lon="118.278551">
        <ele>737.4</ele>
        <time>2022-04-29T13:03:03Z</time>
      </trkpt>
      <trkpt lat="-34.362147" lon="118.278524">
        <ele>736.6</ele>
        <time>2022-04-29T13:03:11Z</time>
      </trkpt>
      <trkpt lat="-34.362085" lon="118.278454">
        <ele>735.9</ele>
        <time>2022-04-29T13:03:33Z</time>
      </trkpt>
      <trkpt lat="-34.362041" lon="118.278384">
        <ele>735.3</ele>
        <time>2022-04-29T13:03:52Z</time>
      </trkpt>
      <trkpt lat="-34.36197" lon="118.278309">
        <ele>734.6</ele>
        <time>2022-04-29T13:04:16Z</time>
      </trkpt>
      <trkpt lat="-34.361908" lon="118.278229">
        <ele>734.0</ele>
        <time>2022-04-29T13:04:39Z</time>
      </trkpt>
      <trkpt lat="-34.361859" lon="118.278164">
        <ele>733.2</ele>
        <time>2022-04-29T13:04:58Z</time>
      </trkpt>
      <trkpt lat="-34.361802" lon="118.278105">
        <ele>732.1</ele>
        <time>2022-04-29T13:05:17Z</time>
      </trkpt>
      <trkpt lat="-34.361731" lon="118.278046">
        <ele>730.8</ele>
        <time>2022-04-29T13:05:39Z</time>
      </trkpt>
      <trkpt lat="-34.3617" lon="118.278003">
        <ele>729.4</ele>
        <time>2022-04-29T13:05:51Z</time>
      </trkpt>
      <trkpt lat="-34.361673" lon="118.277885">
        <ele>727.5</ele>
        <time>2022-04-29T13:06:17Z</time>
      </trkpt>
      <trkpt lat="-34.361629" lon="118.277741">
        <ele>725.5</ele>
        <time>2022-04-29T13:06:50Z</time>
      </trkpt>
      <trkpt lat="-34.361579" lon="118.277617">
        <ele>723.5</ele>
        <time>2022-04-29T13:07:19Z</time>
      </trkpt>
      <trkpt lat="-34.361509" lon="118.277564">
        <ele>721.5</ele>
        <time>2022-04-29T13:07:40Z</time>
      </trkpt>
      <trkpt lat="-34.361434" lon="118.277483">
        <ele>719.6</ele>
        <time>2022-04-29T13:08:06Z</time>
      </trkpt>
      <trkpt lat="-34.361332" lon="118.277467">
        <ele>717.7</ele>
        <time>2022-04-29T13:08:32Z</time>
      </trkpt>
      <trkpt lat="-34.361253" lon="118.277392">
        <ele>715.9</ele>
        <time>2022-04-29T13:08:58Z</time>
      </trkpt>
      <trkpt lat="-34.361195" lon="118.27736">
        <ele>714.4</ele>
        <time>2022-04-29T13:09:14Z</time>
      </trkpt>
      <trkpt lat="-34.361137" lon="118.277301">
        <ele>713.3</ele>
        <time>2022-04-29T13:09:34Z</time>
      </trkpt>
      <trkpt lat="-34.361098" lon="118.277236">
        <ele>712.6</ele>
        <time>2022-04-29T13:09:51Z</time>
      </trkpt>
      <trkpt lat="-34.361058" lon="118.277091">
        <ele>712.5</ele>
        <time>2022-04-29T13:10:23Z</time>
      </trkpt>
      <trkpt lat="-34.361005" lon="118.277027">
        <ele>712.7</ele>
        <time>2022-04-29T13:10:42Z</time>
      </trkpt>
      <trkpt lat="-34.36096" lon="118.276947">
        <ele>713.4</ele>
        <time>2022-04-29T13:11:03Z</time>
      </trkpt>
      <trkpt lat="-34.360925" lon="118.276834">
        <ele>714.5</ele>
        <time>2022-04-29T13:11:28Z</time>
      </trkpt>
      <trkpt lat="-34.360881" lon="118.276678">
        <ele>715.9</ele>
        <time>2022-04-29T13:12:03Z</time>
      </trkpt>
      <trkpt lat="-34.360774" lon="118.276566">
        <ele>717.7</ele>
        <time>2022-04-29T13:12:39Z</time>
      </trkpt>
      <trkpt lat="-34.360712" lon="118.276469">
        <ele>719.7</ele>
        <time>2022-04-29T13:13:05Z</time>
      </trkpt>
      <trkpt lat="-34.360667" lon="118.276442">
        <ele>722.0</ele>
        <time>2022-04-29T13:13:18Z</time>
      </trkpt>
      <trkpt lat="-34.36061" lon="118.276367">
        <ele>724.5</ele>
        <time>2022-04-29T13:13:40Z</time>
      </trkpt>
      <trkpt lat="-34.360571" lon="118.276314">
        <ele>727.2</ele>
        <time>2022-04-29T13:13:55Z</time>
      </trkpt>
      <trkpt lat="-34.360531" lon="118.276265">
        <ele>729.8</ele>
        <time>2022-04-29T13:14:09Z</time>
      </trkpt>
      <trkpt lat="-34.3605" lon="118.276233">
        <ele>732.4</ele>
        <time>2022-04-29T13:14:20Z</time>
      </trkpt>
      <trkpt lat="-34.360464" lon="118.276185">
        <ele>734.8</ele>
        <time>2022-04-29T13:14:34Z</time>
      </trkpt>
      <trkpt lat="-34.360429" lon="118.276115">
        <ele>737.5</ele>
        <time>2022-04-29T13:14:51Z</time>
      </trkpt>
      <trkpt lat="-34.36038" lon="118.276062">
        <ele>740.0</ele>
        <time>2022-04-29T13:15:08Z</time>
      </trkpt>
      <trkpt lat="-34.360345" lon="118.275997">
        <ele>742.6</ele>
        <time>2022-04-29T13:15:24Z</time>
      </trkpt>
      <trkpt lat="-34.360314" lon="118.275938">
        <ele>745.2</ele>
        <time>2022-04-29T13:15:39Z</time>
      </trkpt>
      <trkpt lat="-34.360287" lon="118.275884">
        <ele>747.7</ele>
        <time>2022-04-29T13:15:52Z</time>
      </trkpt>
      <trkpt lat="-34.360247" lon="118.275815">
        <ele>750.0</ele>
        <time>2022-04-29T13:16:10Z</time>
      </trkpt>
      <trkpt lat="-34.360221" lon="118.27575">
        <ele>752.0</ele>
        <time>2022-04-29T13:16:25Z</time>
      </trkpt>
      <trkpt lat="-34.360172" lon="118.275648">
        <ele>753.8</ele>
        <time>2022-04-29T13:16:50Z</time>
      </trkpt>
      <trkpt lat="-34.360145" lon="118.275584">
        <ele>755.0</ele>
        <time>2022-04-29T13:17:06Z</time>
      </trkpt>
      <trkpt lat="-34.360114" lon="118.275514">
        <ele>755.9</ele>
        <time>2022-04-29T13:17:22Z</time>
      </trkpt>
      <trkpt lat="-34.360092" lon="118.275482">
        <ele>756.3</ele>
        <time>2022-04-29T13:17:31Z</time>
      </trkpt>
      <trkpt lat="-34.36007" lon="118.275375">
        <ele>756.3</ele>
        <time>2022-04-29T13:17:55Z</time>
      </trkpt>
      <trkpt lat="-34.360039" lon="118.27531">
        <ele>756.0</ele>
        <time>2022-04-29T13:18:10Z</time>
      </trkpt>
      <trkpt lat="-34.360004" lon="118.275187">
        <ele>755.2</ele>
        <time>2022-04-29T13:18:38Z</time>
      </trkpt>
      <trkpt lat="-34.359999" lon="118.275171">
        <ele>754.2</ele>
        <time>2022-04-29T13:18:42Z</time>
      </trkpt>
      <trkpt lat="-34.360035" lon="118.275064">
        <ele>752.9</ele>
        <time>2022-04-29T13:19:06Z</time>
      </trkpt>
      <trkpt lat="-34.360079" lon="118.275021">
        <ele>751.5</ele>
        <time>2022-04-29T13:19:21Z</time>
      </trkpt>
      <trkpt lat="-34.360114" lon="118.274978">
        <ele>749.9</ele>
        <time>2022-04-29T13:19:34Z</time>
      </trkpt>
      <trkpt lat="-34.360132" lon="118.274897">
        <ele>748.2</ele>
        <time>2022-04-29T13:19:51Z</time>
      </trkpt>
      <trkpt lat="-34.360159" lon="118.274855">
        <ele>746.6</ele>
        <time>2022-04-29T13:20:03Z</time>
      </trkpt>
      <trkpt lat="-34.36019" lon="118.274796">
        <ele>744.9</ele>
        <time>2022-04-29T13:20:17Z</time>
      </trkpt>
      <trkpt lat="-34.360234" lon="118.274688">
        <ele>743.4</ele>
        <time>2022-04-29T13:20:43Z</time>
      </trkpt>
      <trkpt lat="-34.360283" lon="118.27464">
        <ele>741.6</ele>
        <time>2022-04-29T13:20:59Z</time>
      </trkpt>
      <trkpt lat="-34.3603" lon="118.274602">
        <ele>740.0</ele>
        <time>2022-04-29T13:21:08Z</time>
      </trkpt>
      <trkpt lat="-34.36034" lon="118.274559">
        <ele>738.5</ele>
        <time>2022-04-29T13:21:22Z</time>
      </trkpt>
      <trkpt lat="-34.360371" lon="118.274506">
        <ele>736.8</ele>
        <time>2022-04-29T13:21:36Z</time>
      </trkpt>
      <trkpt lat="-34.36038" lon="118.274441">
        <ele>735.3</ele>
        <time>2022-04-29T13:21:49Z</time>
      </trkpt>
      <trkpt lat="-34.360398" lon="118.274356">
        <ele>733.9</ele>
        <time>2022-04-29T13:22:08Z</time>
      </trkpt>
      <trkpt lat="-34.360407" lon="118.274323">
        <ele>732.6</ele>
        <time>2022-04-29T13:22:15Z</time>
      </trkpt>
      <trkpt lat="-34.360429" lon="118.274264">
        <ele>731.5</ele>
        <time>2022-04-29T13:22:29Z</time>
      </trkpt>
      <trkpt lat="-34.360442" lon="118.2742">
        <ele>730.5</ele>
        <time>2022-04-29T13:22:43Z</time>
      </trkpt>
      <trkpt lat="-34.360447" lon="118.274157">
        <ele>729.6</ele>
        <time>2022-04-29T13:22:52Z</time>
      </trkpt>
      <trkpt lat="-34.360469" lon="118.274077">
        <ele>729.0</ele>
        <time>2022-04-29T13:23:10Z</time>
      </trkpt>
      <trkpt lat="-34.360486" lon="118.27405">
        <ele>728.7</ele>
        <time>2022-04-29T13:23:18Z</time>
      </trkpt>
      <trkpt lat="-34.360478" lon="118.27398">
        <ele>728.5</ele>
        <time>2022-04-29T13:23:33Z</time>
      </trkpt>
      <trkpt lat="-34.360473" lon="118.273921">
        <ele>728.5</ele>
        <time>2022-04-29T13:23:45Z</time>
      </trkpt>
      <trkpt lat="-34.360469" lon="118.27383">
        <ele>728.5</ele>
        <time>2022-04-29T13:24:04Z</time>
      </trkpt>
      <trkpt lat="-34.36046" lon="118.27376">
        <ele>728.5</ele>
        <time>2022-04-29T13:24:19Z</time>
      </trkpt>
      <trkpt lat="-34.36046" lon="118.273637">
        <ele>728.5</ele>
        <time>2022-04-29T13:24:45Z</time>
      </trkpt>
      <trkpt lat="-34.36046" lon="118.273589">
        <ele>728.4</ele>
        <time>2022-04-29T13:24:56Z</time>
      </trkpt>
      <trkpt lat="-34.36046" lon="118.273492">
        <ele>728.4</ele>
        <time>2022-04-29T13:25:16Z</time>
      </trkpt>
      <trkpt lat="-34.36054" lon="118.27339">
        <ele>728.4</ele>
        <time>2022-04-29T13:25:46Z</time>
      </trkpt>
      <trkpt lat="-34.360628" lon="118.273315">
        <ele>728.5</ele>
        <time>2022-04-29T13:26:14Z</time>
      </trkpt>
      <trkpt lat="-34.360655" lon="118.273181">
        <ele>728.6</ele>
        <time>2022-04-29T13:26:43Z</time>
      </trkpt>
      <trkpt lat="-34.360695" lon="118.273127">
        <ele>728.9</ele>
        <time>2022-04-29T13:26:58Z</time>
      </trkpt>
      <trkpt lat="-34.360734" lon="118.273009">
        <ele>729.4</ele>
        <time>2022-04-29T13:27:25Z</time>
      </trkpt>
      <trkpt lat="-34.360757" lon="118.272923">
        <ele>729.6</ele>
        <time>2022-04-29T13:27:44Z</time>
      </trkpt>
      <trkpt lat="-34.360791" lon="118.272821">
        <ele>729.9</ele>
        <time>2022-04-29T13:28:08Z</time>
      </trkpt>
      <trkpt lat="-34.360827" lon="118.272746">
        <ele>730.5</ele>
        <time>2022-04-29T13:28:26Z</time>
      </trkpt>
      <trkpt lat="-34.360836" lon="118.272628">
        <ele>730.8</ele>
        <time>2022-04-29T13:28:51Z</time>
      </trkpt>
      <trkpt lat="-34.360832" lon="118.272521">
        <ele>731.4</ele>
        <time>2022-04-29T13:29:14Z</time>
      </trkpt>
      <trkpt lat="-34.360881" lon="118.272473">
        <ele>731.8</ele>
        <time>2022-04-29T13:29:30Z</time>
      </trkpt>
      <trkpt lat="-34.360916" lon="118.272424">
        <ele>732.3</ele>
        <time>2022-04-29T13:29:44Z</time>
      </trkpt>
      <trkpt lat="-34.36096" lon="118.27236">
        <ele>732.6</ele>
        <time>2022-04-29T13:30:01Z</time>
      </trkpt>
      <trkpt lat="-34.361009" lon="118.272306">
        <ele>733.0</ele>
        <time>2022-04-29T13:30:18Z</time>
      </trkpt>
      <trkpt lat="-34.361049" lon="118.272237">
        <ele>733.3</ele>
        <time>2022-04-29T13:30:36Z</time>
      </trkpt>
      <trkpt lat="-34.361084" lon="118.272172">
        <ele>733.3</ele>
        <time>2022-04-29T13:30:53Z</time>
      </trkpt>
      <trkpt lat="-34.361137" lon="118.272124">
        <ele>733.4</ele>
        <time>2022-04-29T13:31:10Z</time>
      </trkpt>
      <trkpt lat="-34.361173" lon="118.27207">
        <ele>733.3</ele>
        <time>2022-04-29T13:31:24Z</time>
      </trkpt>
      <trkpt lat="-34.361208" lon="118.271963">
        <ele>733.2</ele>
        <time>2022-04-29T13:31:49Z</time>
      </trkpt>
      <trkpt lat="-34.361208" lon="118.271829">
        <ele>733.0</ele>
        <time>2022-04-29T13:32:17Z</time>
      </trkpt>
      <trkpt lat="-34.361239" lon="118.271732">
        <ele>732.5</ele>
        <time>2022-04-29T13:32:39Z</time>
      </trkpt>
      <trkpt lat="-34.361284" lon="118.271679">
        <ele>732.0</ele>
        <time>2022-04-29T13:32:55Z</time>
      </trkpt>
      <trkpt lat="-34.361319" lon="118.271625">
        <ele>731.3</ele>
        <time>2022-04-29T13:33:10Z</time>
      </trkpt>
      <trkpt lat="-34.361332" lon="118.271609">
        <ele>730.4</ele>
        <time>2022-04-29T13:33:14Z</time>
      </trkpt>
      <trkpt lat="-34.361381" lon="118.271555">
        <ele>729.1</ele>
        <time>2022-04-29T13:33:31Z</time>
      </trkpt>
      <trkpt lat="-34.361399" lon="118.271507">
        <ele>727.5</ele>
        <time>2022-04-29T13:33:42Z</time>
      </trkpt>
      <trkpt lat="-34.361416" lon="118.271432">
        <ele>725.7</ele>
        <time>2022-04-29T13:33:59Z</time>
      </trkpt>
      <trkpt lat="-34.361447" lon="118.271389">
        <ele>723.9</ele>
        <time>2022-04-29T13:34:11Z</time>
      </trkpt>
      <trkpt lat="-34.361496" lon="118.271341">
        <ele>722.2</ele>
        <time>2022-04-29T13:34:27Z</time>
      </trkpt>
      <trkpt lat="-34.361571" lon="118.271325">
        <ele>720.2</ele>
        <time>2022-04-29T13:34:47Z</time>
      </trkpt>
      <trkpt lat="-34.361638" lon="118.271287">
        <ele>718.3</ele>
        <time>2022-04-29T13:35:06Z</time>
      </trkpt>
      <trkpt lat="-34.361682" lon="118.27125">
        <ele>716.4</ele>
        <time>2022-04-29T13:35:19Z</time>
      </trkpt>
      <trkpt lat="-34.361735" lon="118.27125">
        <ele>714.5</ele>
        <time>2022-04-29T13:35:33Z</time>
      </trkpt>
      <trkpt lat="-34.361766" lon="118.271239">
        <ele>712.5</ele>
        <time>2022-04-29T13:35:41Z</time>
      </trkpt>
      <trkpt lat="-34.361815" lon="118.271185">
        <ele>710.5</ele>
        <time>2022-04-29T13:35:58Z</time>
      </trkpt>
      <trkpt lat="-34.361846" lon="118.271142">
        <ele>708.5</ele>
        <time>2022-04-29T13:36:10Z</time>
      </trkpt>
      <trkpt lat="-34.361894" lon="118.27111">
        <ele>706.6</ele>
        <time>2022-04-29T13:36:25Z</time>
      </trkpt>
      <trkpt lat="-34.361925" lon="118.271051">
        <ele>704.6</ele>
        <time>2022-04-29T13:36:39Z</time>
      </trkpt>
      <trkpt lat="-34.361952" lon="118.270992">
        <ele>702.4</ele>
        <time>2022-04-29T13:36:54Z</time>
      </trkpt>
      <trkpt lat="-34.36201" lon="118.270938">
        <ele>700.0</ele>
        <time>2022-04-29T13:37:12Z</time>
      </trkpt>
      <trkpt lat="-34.362089" lon="118.270938">
        <ele>697.8</ele>
        <time>2022-04-29T13:37:33Z</time>
      </trkpt>
      <trkpt lat="-34.362151" lon="118.270917">
        <ele>695.5</ele>
        <time>2022-04-29T13:37:49Z</time>
      </trkpt>
      <trkpt lat="-34.362205" lon="118.270874">
        <ele>693.2</ele>
        <time>2022-04-29T13:38:06Z</time>
      </trkpt>
      <trkpt lat="-34.362258" lon="118.270767">
        <ele>690.7</ele>
        <time>2022-04-29T13:38:32Z</time>
      </trkpt>
      <trkpt lat="-34.362311" lon="118.270756">
        <ele>688.4</ele>
        <time>2022-04-29T13:38:46Z</time>
      </trkpt>
      <trkpt lat="-34.362342" lon="118.27074">
        <ele>686.1</ele>
        <time>2022-04-29T13:38:55Z</time>
      </trkpt>
      <trkpt lat="-34.362395" lon="118.270724">
        <ele>684.0</ele>
        <time>2022-04-29T13:39:09Z</time>
      </trkpt>
      <trkpt lat="-34.362395" lon="118.270676">
        <ele>681.8</ele>
        <time>2022-04-29T13:39:19Z</time>
      </trkpt>
      <trkpt lat="-34.362466" lon="118.27067">
        <ele>679.6</ele>
        <time>2022-04-29T13:39:37Z</time>
      </trkpt>
      <trkpt lat="-34.362497" lon="118.270638">
        <ele>677.6</ele>
        <time>2022-04-29T13:39:48Z</time>
      </trkpt>
      <trkpt lat="-34.362537" lon="118.270611">
        <ele>675.6</ele>
        <time>2022-04-29T13:39:59Z</time>
      </trkpt>
      <trkpt lat="-34.362554" lon="118.270568">
        <ele>673.5</ele>
        <time>2022-04-29T13:40:09Z</time>
      </trkpt>
      <trkpt lat="-34.362661" lon="118.270579">
        <ele>671.4</ele>
        <time>2022-04-29T13:40:37Z</time>
      </trkpt>
      <trkpt lat="-34.362763" lon="118.270584">
        <ele>669.1</ele>
        <time>2022-04-29T13:41:03Z</time>
      </trkpt>
      <trkpt lat="-34.362838" lon="118.270584">
        <ele>667.0</ele>
        <time>2022-04-29T13:41:22Z</time>
      </trkpt>
      <trkpt lat="-34.362922" lon="118.270552">
        <ele>664.8</ele>
        <time>2022-04-29T13:41:45Z</time>
      </trkpt>
      <trkpt lat="-34.363015" lon="118.27052">
        <ele>662.5</ele>
        <time>2022-04-29T13:42:10Z</time>
      </trkpt>
      <trkpt lat="-34.363104" lon="118.270504">
        <ele>660.4</ele>
        <time>2022-04-29T13:42:33Z</time>
      </trkpt>
      <trkpt lat="-34.363161" lon="118.270456">
        <ele>658.2</ele>
        <time>2022-04-29T13:42:51Z</time>
      </trkpt>
      <trkpt lat="-34.363183" lon="118.270424">
        <ele>656.0</ele>
        <time>2022-04-29T13:42:59Z</time>
      </trkpt>
      <trkpt lat="-34.363241" lon="118.270407">
        <ele>653.8</ele>
        <time>2022-04-29T13:43:15Z</time>
      </trkpt>
      <trkpt lat="-34.363303" lon="118.270397">
        <ele>651.6</ele>
        <time>2022-04-29T13:43:31Z</time>
      </trkpt>
      <trkpt lat="-34.363334" lon="118.270434">
        <ele>649.5</ele>
        <time>2022-04-29T13:43:42Z</time>
      </trkpt>
      <trkpt lat="-34.363396" lon="118.270397">
        <ele>647.4</ele>
        <time>2022-04-29T13:44:00Z</time>
      </trkpt>
      <trkpt lat="-34.363462" lon="118.270338">
        <ele>645.3</ele>
        <time>2022-04-29T13:44:21Z</time>
      </trkpt>
      <trkpt lat="-34.36352" lon="118.270305">
        <ele>643.1</ele>
        <time>2022-04-29T13:44:37Z</time>
      </trkpt>
      <trkpt lat="-34.363582" lon="118.270279">
        <ele>641.0</ele>
        <time>2022-04-29T13:44:54Z</time>
      </trkpt>
      <trkpt lat="-34.363639" lon="118.270252">
        <ele>639.1</ele>
        <time>2022-04-29T13:45:10Z</time>
      </trkpt>
      <trkpt lat="-34.363692" lon="118.270214">
        <ele>637.1</ele>
        <time>2022-04-29T13:45:26Z</time>
      </trkpt>
      <trkpt lat="-34.36375" lon="118.270193">
        <ele>635.2</ele>
        <time>2022-04-29T13:45:41Z</time>
      </trkpt>
      <trkpt lat="-34.363812" lon="118.270161">
        <ele>633.4</ele>
        <time>2022-04-29T13:45:58Z</time>
      </trkpt>
      <trkpt lat="-34.363847" lon="118.270155">
        <ele>631.6</ele>
        <time>2022-04-29T13:46:08Z</time>
      </trkpt>
      <trkpt lat="-34.363883" lon="118.270107">
        <ele>629.9</ele>
        <time>2022-04-29T13:46:21Z</time>
      </trkpt>
      <trkpt lat="-34.363923" lon="118.270059">
        <ele>628.1</ele>
        <time>2022-04-29T13:46:36Z</time>
      </trkpt>
      <trkpt lat="-34.36398" lon="118.27001">
        <ele>626.5</ele>
        <time>2022-04-29T13:46:54Z</time>
      </trkpt>
      <trkpt lat="-34.364042" lon="118.269984">
        <ele>624.9</ele>
        <time>2022-04-29T13:47:10Z</time>
      </trkpt>
      <trkpt lat="-34.364078" lon="118.269957">
        <ele>623.4</ele>
        <time>2022-04-29T13:47:21Z</time>
      </trkpt>
      <trkpt lat="-34.364118" lon="118.269919">
        <ele>621.7</ele>
        <time>2022-04-29T13:47:34Z</time>
      </trkpt>
      <trkpt lat="-34.364228" lon="118.269887">
        <ele>620.1</ele>
        <time>2022-04-29T13:48:03Z</time>
      </trkpt>
      <trkpt lat="-34.364281" lon="118.269844">
        <ele>618.3</ele>
        <time>2022-04-29T13:48:20Z</time>
      </trkpt>
      <trkpt lat="-34.364357" lon="118.269833">
        <ele>616.6</ele>
        <time>2022-04-29T13:48:39Z</time>
      </trkpt>
      <trkpt lat="-34.364472" lon="118.269839">
        <ele>615.1</ele>
        <time>2022-04-29T13:49:09Z</time>
      </trkpt>
      <trkpt lat="-34.364552" lon="118.269839">
        <ele>613.5</ele>
        <time>2022-04-29T13:49:29Z</time>
      </trkpt>
      <trkpt lat="-34.364609" lon="118.269807">
        <ele>612.1</ele>
        <time>2022-04-29T13:49:45Z</time>
      </trkpt>
      <trkpt lat="-34.364724" lon="118.269791">
        <ele>610.8</ele>
        <time>2022-04-29T13:50:15Z</time>
      </trkpt>
      <trkpt lat="-34.364782" lon="118.269791">
        <ele>609.6</ele>
        <time>2022-04-29T13:50:30Z</time>
      </trkpt>
      <trkpt lat="-34.364835" lon="118.269758">
        <ele>608.5</ele>
        <time>2022-04-29T13:50:45Z</time>
      </trkpt>
      <trkpt lat="-34.364915" lon="118.269796">
        <ele>607.5</ele>
        <time>2022-04-29T13:51:07Z</time>
      </trkpt>
      <trkpt lat="-34.36499" lon="118.269817">
        <ele>606.6</ele>
        <time>2022-04-29T13:51:27Z</time>
      </trkpt>
      <trkpt lat="-34.365096" lon="118.269817">
        <ele>606.2</ele>
        <time>2022-04-29T13:51:54Z</time>
      </trkpt>
      <trkpt lat="-34.36518" lon="118.269817">
        <ele>606.4</ele>
        <time>2022-04-29T13:52:16Z</time>
      </trkpt>
      <trkpt lat="-34.365264" lon="118.269823">
        <ele>606.9</ele>
        <time>2022-04-29T13:52:37Z</time>
      </trkpt>
      <trkpt lat="-34.365402" lon="118.269833">
        <ele>607.8</ele>
        <time>2022-04-29T13:53:13Z</time>
      </trkpt>
      <trkpt lat="-34.36553" lon="118.269844">
        <ele>609.1</ele>
        <time>2022-04-29T13:53:46Z</time>
      </trkpt>
      <trkpt lat="-34.365632" lon="118.269833">
        <ele>610.8</ele>
        <time>2022-04-29T13:54:12Z</time>
      </trkpt>
      <trkpt lat="-34.365725" lon="118.269833">
        <ele>612.8</ele>
        <time>2022-04-29T13:54:36Z</time>
      </trkpt>
      <trkpt lat="-34.365822" lon="118.269791">
        <ele>615.0</ele>
        <time>2022-04-29T13:55:02Z</time>
      </trkpt>
      <trkpt lat="-34.365862" lon="118.269715">
        <ele>617.3</ele>
        <time>2022-04-29T13:55:21Z</time>
      </trkpt>
      <trkpt lat="-34.365941" lon="118.269662">
        <ele>619.5</ele>
        <time>2022-04-29T13:55:45Z</time>
      </trkpt>
      <trkpt lat="-34.366034" lon="118.269592">
        <ele>621.8</ele>
        <time>2022-04-29T13:56:13Z</time>
      </trkpt>
      <trkpt lat="-34.366088" lon="118.269533">
        <ele>623.7</ele>
        <time>2022-04-29T13:56:31Z</time>
      </trkpt>
      <trkpt lat="-34.366186" lon="118.269442">
        <ele>625.3</ele>
        <time>2022-04-29T13:57:03Z</time>
      </trkpt>
      <trkpt lat="-34.366301" lon="118.269383">
        <ele>626.4</ele>
        <time>2022-04-29T13:57:35Z</time>
      </trkpt>
      <trkpt lat="-34.366385" lon="118.269318">
        <ele>627.1</ele>
        <time>2022-04-29T13:58:00Z</time>
      </trkpt>
      <trkpt lat="-34.36642" lon="118.269292">
        <ele>627.5</ele>
        <time>2022-04-29T13:58:11Z</time>
      </trkpt>
      <trkpt lat="-34.366509" lon="118.269276">
        <ele>627.4</ele>
        <time>2022-04-29T13:58:34Z</time>
      </trkpt>
      <trkpt lat="-34.366588" lon="118.269276">
        <ele>626.9</ele>
        <time>2022-04-29T13:58:55Z</time>
      </trkpt>
      <trkpt lat="-34.366677" lon="118.26927">
        <ele>626.2</ele>
        <time>2022-04-29T13:59:17Z</time>
      </trkpt>
      <trkpt lat="-34.366766" lon="118.269249">
        <ele>625.5</ele>
        <time>2022-04-29T13:59:40Z</time>
      </trkpt>
      <trkpt lat="-34.366819" lon="118.269222">
        <ele>625.0</ele>
        <time>2022-04-29T13:59:55Z</time>
      </trkpt>
      <trkpt lat="-34.36689" lon="118.269125">
        <ele>624.5</ele>
        <time>2022-04-29T14:00:23Z</time>
      </trkpt>
      <trkpt lat="-34.366943" lon="118.269056">
        <ele>624.3</ele>
        <time>2022-04-29T14:00:43Z</time>
      </trkpt>
      <trkpt lat="-34.367009" lon="118.268954">
        <ele>624.1</ele>
        <time>2022-04-29T14:01:10Z</time>
      </trkpt>
      <trkpt lat="-34.367062" lon="118.268921">
        <ele>624.1</ele>
        <time>2022-04-29T14:01:25Z</time>
      </trkpt>
      <trkpt lat="-34.367138" lon="118.268948">
        <ele>624.3</ele>
        <time>2022-04-29T14:01:46Z</time>
      </trkpt>
      <trkpt lat="-34.367195" lon="118.268916">
        <ele>624.7</ele>
        <time>2022-04-29T14:02:02Z</time>
      </trkpt>
      <trkpt lat="-34.367253" lon="118.268846">
        <ele>625.5</ele>
        <time>2022-04-29T14:02:23Z</time>
      </trkpt>
      <trkpt lat="-34.367297" lon="118.268777">
        <ele>626.6</ele>
        <time>2022-04-29T14:02:41Z</time>
      </trkpt>
      <trkpt lat="-34.367341" lon="118.268696">
        <ele>628.1</ele>
        <time>2022-04-29T14:03:02Z</time>
      </trkpt>
      <trkpt lat="-34.367377" lon="118.268632">
        <ele>629.6</ele>
        <time>2022-04-29T14:03:18Z</time>
      </trkpt>
      <trkpt lat="-34.367425" lon="118.268573">
        <ele>631.3</ele>
        <time>2022-04-29T14:03:36Z</time>
      </trkpt>
      <trkpt lat="-34.367461" lon="118.268514">
        <ele>633.2</ele>
        <time>2022-04-29T14:03:51Z</time>
      </trkpt>
      <trkpt lat="-34.367486" lon="118.268428">
        <ele>635.2</ele>
        <time>2022-04-29T14:04:11Z</time>
      </trkpt>
      <trkpt lat="-34.367523" lon="118.268374">
        <ele>637.1</ele>
        <time>2022-04-29T14:04:25Z</time>
      </trkpt>
      <trkpt lat="-34.367616" lon="118.268299">
        <ele>639.0</ele>
        <time>2022-04-29T14:04:54Z</time>
      </trkpt>
      <trkpt lat="-34.36762" lon="118.268208">
        <ele>640.9</ele>
        <time>2022-04-29T14:05:13Z</time>
      </trkpt>
      <trkpt lat="-34.36762" lon="118.268085">
        <ele>642.6</ele>
        <time>2022-04-29T14:05:39Z</time>
      </trkpt>
      <trkpt lat="-34.367629" lon="118.267945">
        <ele>644.2</ele>
        <time>2022-04-29T14:06:09Z</time>
      </trkpt>
      <trkpt lat="-34.367585" lon="118.267929">
        <ele>645.5</ele>
        <time>2022-04-29T14:06:21Z</time>
      </trkpt>
      <trkpt lat="-34.367585" lon="118.267843">
        <ele>646.6</ele>
        <time>2022-04-29T14:06:39Z</time>
      </trkpt>
      <trkpt lat="-34.367589" lon="118.267773">
        <ele>647.6</ele>
        <time>2022-04-29T14:06:54Z</time>
      </trkpt>
      <trkpt lat="-34.367589" lon="118.267698">
        <ele>648.5</ele>
        <time>2022-04-29T14:07:10Z</time>
      </trkpt>
      <trkpt lat="-34.36762" lon="118.267629">
        <ele>648.9</ele>
        <time>2022-04-29T14:07:27Z</time>
      </trkpt>
      <trkpt lat="-34.367638" lon="118.267559">
        <ele>649.3</ele>
        <time>2022-04-29T14:07:42Z</time>
      </trkpt>
      <trkpt lat="-34.36766" lon="118.2675">
        <ele>649.7</ele>
        <time>2022-04-29T14:07:56Z</time>
      </trkpt>
      <trkpt lat="-34.36766" lon="118.267377">
        <ele>650.2</ele>
        <time>2022-04-29T14:08:22Z</time>
      </trkpt>
      <trkpt lat="-34.367669" lon="118.267291">
        <ele>650.6</ele>
        <time>2022-04-29T14:08:40Z</time>
      </trkpt>
      <trkpt lat="-34.367669" lon="118.267194">
        <ele>651.3</ele>
        <time>2022-04-29T14:09:01Z</time>
      </trkpt>
      <trkpt lat="-34.36766" lon="118.267157">
        <ele>652.0</ele>
        <time>2022-04-29T14:09:09Z</time>
      </trkpt>
      <trkpt lat="-34.367651" lon="118.267055">
        <ele>652.8</ele>
        <time>2022-04-29T14:09:31Z</time>
      </trkpt>
      <trkpt lat="-34.367686" lon="118.266963">
        <ele>653.6</ele>
        <time>2022-04-29T14:09:52Z</time>
      </trkpt>
      <trkpt lat="-34.367686" lon="118.266888">
        <ele>654.5</ele>
        <time>2022-04-29T14:10:08Z</time>
      </trkpt>
      <trkpt lat="-34.367686" lon="118.266803">
        <ele>655.5</ele>
        <time>2022-04-29T14:10:26Z</time>
      </trkpt>
      <trkpt lat="-34.367655" lon="118.266711">
        <ele>656.5</ele>
        <time>2022-04-29T14:10:47Z</time>
      </trkpt>
      <trkpt lat="-34.367638" lon="118.266626">
        <ele>657.5</ele>
        <time>2022-04-29T14:11:06Z</time>
      </trkpt>
      <trkpt lat="-34.367593" lon="118.266518">
        <ele>658.3</ele>
        <time>2022-04-29T14:11:31Z</time>
      </trkpt>
      <trkpt lat="-34.367585" lon="118.266438">
        <ele>659.1</ele>
        <time>2022-04-29T14:11:48Z</time>
      </trkpt>
      <trkpt lat="-34.367576" lon="118.266368">
        <ele>659.8</ele>
        <time>2022-04-29T14:12:03Z</time>
      </trkpt>
      <trkpt lat="-34.367517" lon="118.266304">
        <ele>660.4</ele>
        <time>2022-04-29T14:12:23Z</time>
      </trkpt>
      <trkpt lat="-34.367492" lon="118.266229">
        <ele>660.7</ele>
        <time>2022-04-29T14:12:41Z</time>
      </trkpt>
      <trkpt lat="-34.367483" lon="118.266137">
        <ele>661.0</ele>
        <time>2022-04-29T14:13:00Z</time>
      </trkpt>
      <trkpt lat="-34.36754" lon="118.266121">
        <ele>661.2</ele>
        <time>2022-04-29T14:13:15Z</time>
      </trkpt>
      <trkpt lat="-34.36762" lon="118.266078">
        <ele>661.2</ele>
        <time>2022-04-29T14:13:37Z</time>
      </trkpt>
      <trkpt lat="-34.367664" lon="118.266046">
        <ele>660.9</ele>
        <time>2022-04-29T14:13:51Z</time>
      </trkpt>
      <trkpt lat="-34.367704" lon="118.265966">
        <ele>660.5</ele>
        <time>2022-04-29T14:14:11Z</time>
      </trkpt>
      <trkpt lat="-34.367731" lon="118.265923">
        <ele>659.9</ele>
        <time>2022-04-29T14:14:22Z</time>
      </trkpt>
      <trkpt lat="-34.367806" lon="118.265821">
        <ele>659.4</ele>
        <time>2022-04-29T14:14:51Z</time>
      </trkpt>
      <trkpt lat="-34.367873" lon="118.265762">
        <ele>658.8</ele>
        <time>2022-04-29T14:15:12Z</time>
      </trkpt>
      <trkpt lat="-34.367895" lon="118.265703">
        <ele>658.5</ele>
        <time>2022-04-29T14:15:26Z</time>
      </trkpt>
      <trkpt lat="-34.367904" lon="118.265617">
        <ele>658.3</ele>
        <time>2022-04-29T14:15:44Z</time>
      </trkpt>
      <trkpt lat="-34.367966" lon="118.26552">
        <ele>658.2</ele>
        <time>2022-04-29T14:16:10Z</time>
      </trkpt>
      <trkpt lat="-34.368023" lon="118.265461">
        <ele>658.2</ele>
        <time>2022-04-29T14:16:29Z</time>
      </trkpt>
      <trkpt lat="-34.36809" lon="118.265429">
        <ele>658.3</ele>
        <time>2022-04-29T14:16:48Z</time>
      </trkpt>
      <trkpt lat="-34.368214" lon="118.265419">
        <ele>658.5</ele>
        <time>2022-04-29T14:17:20Z</time>
      </trkpt>
      <trkpt lat="-34.368346" lon="118.265402">
        <ele>659.2</ele>
        <time>2022-04-29T14:17:54Z</time>
      </trkpt>
      <trkpt lat="-34.368435" lon="118.265402">
        <ele>660.1</ele>
        <time>2022-04-29T14:18:17Z</time>
      </trkpt>
      <trkpt lat="-34.368546" lon="118.265402">
        <ele>661.4</ele>
        <time>2022-04-29T14:18:45Z</time>
      </trkpt>
      <trkpt lat="-34.368652" lon="118.265402">
        <ele>662.7</ele>
        <time>2022-04-29T14:19:12Z</time>
      </trkpt>
      <trkpt lat="-34.368775" lon="118.26537">
        <ele>664.2</ele>
        <time>2022-04-29T14:19:45Z</time>
      </trkpt>
      <trkpt lat="-34.368882" lon="118.265354">
        <ele>665.6</ele>
        <time>2022-04-29T14:20:12Z</time>
      </trkpt>
      <trkpt lat="-34.368962" lon="118.265354">
        <ele>667.0</ele>
        <time>2022-04-29T14:20:33Z</time>
      </trkpt>
      <trkpt lat="-34.369059" lon="118.265343">
        <ele>668.5</ele>
        <time>2022-04-29T14:20:58Z</time>
      </trkpt>
      <trkpt lat="-34.369143" lon="118.265343">
        <ele>670.1</ele>
        <time>2022-04-29T14:21:19Z</time>
      </trkpt>
      <trkpt lat="-34.369231" lon="118.265365">
        <ele>671.7</ele>
        <time>2022-04-29T14:21:42Z</time>
      </trkpt>
      <trkpt lat="-34.369307" lon="118.265349">
        <ele>673.4</ele>
        <time>2022-04-29T14:22:02Z</time>
      </trkpt>
      <trkpt lat="-34.369378" lon="118.265359">
        <ele>675.1</ele>
        <time>2022-04-29T14:22:20Z</time>
      </trkpt>
      <trkpt lat="-34.369431" lon="118.26537">
        <ele>676.9</ele>
        <time>2022-04-29T14:22:34Z</time>
      </trkpt>
      <trkpt lat="-34.369515" lon="118.2653">
        <ele>678.6</ele>
        <time>2022-04-29T14:23:00Z</time>
      </trkpt>
      <trkpt lat="-34.369577" lon="118.265284">
        <ele>680.5</ele>
        <time>2022-04-29T14:23:17Z</time>
      </trkpt>
      <trkpt lat="-34.369639" lon="118.265279">
        <ele>682.2</ele>
        <time>2022-04-29T14:23:33Z</time>
      </trkpt>
      <trkpt lat="-34.36975" lon="118.265274">
        <ele>683.7</ele>
        <time>2022-04-29T14:24:01Z</time>
      </trkpt>
      <trkpt lat="-34.36983" lon="118.265274">
        <ele>685.4</ele>
        <time>2022-04-29T14:24:21Z</time>
      </trkpt>
      <trkpt lat="-34.369926" lon="118.265274">
        <ele>687.1</ele>
        <time>2022-04-29T14:24:46Z</time>
      </trkpt>
      <trkpt lat="-34.370002" lon="118.265263">
        <ele>688.8</ele>
        <time>2022-04-29T14:25:06Z</time>
      </trkpt>
      <trkpt lat="-34.369988" lon="118.265166">
        <ele>690.8</ele>
        <time>2022-04-29T14:25:27Z</time>
      </trkpt>
      <trkpt lat="-34.369985" lon="118.265048">
        <ele>692.9</ele>
        <time>2022-04-29T14:25:52Z</time>
      </trkpt>
      <trkpt lat="-34.370029" lon="118.264973">
        <ele>695.1</ele>
        <time>2022-04-29T14:26:11Z</time>
      </trkpt>
      <trkpt lat="-34.370073" lon="118.26493">
        <ele>697.5</ele>
        <time>2022-04-29T14:26:26Z</time>
      </trkpt>
      <trkpt lat="-34.370118" lon="118.264909">
        <ele>699.9</ele>
        <time>2022-04-29T14:26:38Z</time>
      </trkpt>
      <trkpt lat="-34.370202" lon="118.264882">
        <ele>702.5</ele>
        <time>2022-04-29T14:27:00Z</time>
      </trkpt>
      <trkpt lat="-34.370215" lon="118.264796">
        <ele>705.5</ele>
        <time>2022-04-29T14:27:19Z</time>
      </trkpt>
      <trkpt lat="-34.370255" lon="118.264694">
        <ele>708.9</ele>
        <time>2022-04-29T14:27:43Z</time>
      </trkpt>
      <trkpt lat="-34.370334" lon="118.264678">
        <ele>712.4</ele>
        <time>2022-04-29T14:28:03Z</time>
      </trkpt>
      <trkpt lat="-34.370388" lon="118.264678">
        <ele>715.8</ele>
        <time>2022-04-29T14:28:17Z</time>
      </trkpt>
      <trkpt lat="-34.370463" lon="118.264657">
        <ele>719.2</ele>
        <time>2022-04-29T14:28:37Z</time>
      </trkpt>
      <trkpt lat="-34.37056" lon="118.264635">
        <ele>722.5</ele>
        <time>2022-04-29T14:29:02Z</time>
      </trkpt>
      <trkpt lat="-34.370653" lon="118.264625">
        <ele>725.8</ele>
        <time>2022-04-29T14:29:26Z</time>
      </trkpt>
      <trkpt lat="-34.370733" lon="118.264614">
        <ele>729.2</ele>
        <time>2022-04-29T14:29:47Z</time>
      </trkpt>
      <trkpt lat="-34.370786" lon="118.264608">
        <ele>732.6</ele>
        <time>2022-04-29T14:30:00Z</time>
      </trkpt>
      <trkpt lat="-34.370857" lon="118.264555">
        <ele>736.2</ele>
        <time>2022-04-29T14:30:22Z</time>
      </trkpt>
      <trkpt lat="-34.37091" lon="118.264507">
        <ele>739.7</ele>
        <time>2022-04-29T14:30:39Z</time>
      </trkpt>
      <trkpt lat="-34.371003" lon="118.26449">
        <ele>743.0</ele>
        <time>2022-04-29T14:31:03Z</time>
      </trkpt>
      <trkpt lat="-34.371096" lon="118.264437">
        <ele>746.2</ele>
        <time>2022-04-29T14:31:29Z</time>
      </trkpt>
      <trkpt lat="-34.371215" lon="118.264399">
        <ele>749.5</ele>
        <time>2022-04-29T14:32:01Z</time>
      </trkpt>
      <trkpt lat="-34.371291" lon="118.264372">
        <ele>753.2</ele>
        <time>2022-04-29T14:32:21Z</time>
      </trkpt>
      <trkpt lat="-34.371384" lon="118.264313">
        <ele>757.4</ele>
        <time>2022-04-29T14:32:48Z</time>
      </trkpt>
      <trkpt lat="-34.371437" lon="118.264313">
        <ele>761.8</ele>
        <time>2022-04-29T14:33:02Z</time>
      </trkpt>
      <trkpt lat="-34.371508" lon="118.264163">
        <ele>766.6</ele>
        <time>2022-04-29T14:33:38Z</time>
      </trkpt>
      <trkpt lat="-34.371619" lon="118.264142">
        <ele>771.7</ele>
        <time>2022-04-29T14:34:07Z</time>
      </trkpt>
      <trkpt lat="-34.371716" lon="118.264142">
        <ele>777.1</ele>
        <time>2022-04-29T14:34:32Z</time>
      </trkpt>
      <trkpt lat="-34.371818" lon="118.264174">
        <ele>782.7</ele>
        <time>2022-04-29T14:34:59Z</time>
      </trkpt>
      <trkpt lat="-34.371897" lon="118.26419">
        <ele>788.2</ele>
        <time>2022-04-29T14:35:20Z</time>
      </trkpt>
      <trkpt lat="-34.371995" lon="118.264212">
        <ele>793.9</ele>
        <time>2022-04-29T14:35:45Z</time>
      </trkpt>
      <trkpt lat="-34.372079" lon="118.264153">
        <ele>799.8</ele>
        <time>2022-04-29T14:36:10Z</time>
      </trkpt>
      <trkpt lat="-34.372168" lon="118.264115">
        <ele>805.8</ele>
        <time>2022-04-29T14:36:34Z</time>
      </trkpt>
      <trkpt lat="-34.372274" lon="118.264093">
        <ele>811.8</ele>
        <time>2022-04-29T14:37:02Z</time>
      </trkpt>
      <trkpt lat="-34.372318" lon="118.264077">
        <ele>817.8</ele>
        <time>2022-04-29T14:37:14Z</time>
      </trkpt>
      <trkpt lat="-34.372411" lon="118.264126">
        <ele>823.8</ele>
        <time>2022-04-29T14:37:40Z</time>
      </trkpt>
      <trkpt lat="-34.372517" lon="118.264142">
        <ele>829.5</ele>
        <time>2022-04-29T14:38:07Z</time>
      </trkpt>
      <trkpt lat="-34.372584" lon="118.264185">
        <ele>835.2</ele>
        <time>2022-04-29T14:38:27Z</time>
      </trkpt>
      <trkpt lat="-34.372632" lon="118.264163">
        <ele>840.4</ele>
        <time>2022-04-29T14:38:40Z</time>
      </trkpt>
      <trkpt lat="-34.372708" lon="118.26411">
        <ele>845.4</ele>
        <time>2022-04-29T14:39:02Z</time>
      </trkpt>
      <trkpt lat="-34.372774" lon="118.264093">
        <ele>850.6</ele>
        <time>2022-04-29T14:39:20Z</time>
      </trkpt>
      <trkpt lat="-34.372832" lon="118.264099">
        <ele>856.0</ele>
        <time>2022-04-29T14:39:34Z</time>
      </trkpt>
      <trkpt lat="-34.372903" lon="118.264099">
        <ele>861.5</ele>
        <time>2022-04-29T14:39:53Z</time>
      </trkpt>
      <trkpt lat="-34.372947" lon="118.264099">
        <ele>866.8</ele>
        <time>2022-04-29T14:40:04Z</time>
      </trkpt>
      <trkpt lat="-34.373013" lon="118.264077">
        <ele>873.3</ele>
        <time>2022-04-29T14:40:22Z</time>
      </trkpt>
      <trkpt lat="-34.37308" lon="118.264045">
        <ele>879.8</ele>
        <time>2022-04-29T14:40:40Z</time>
      </trkpt>
      <trkpt lat="-34.373146" lon="118.264008">
        <ele>886.5</ele>
        <time>2022-04-29T14:40:59Z</time>
      </trkpt>
      <trkpt lat="-34.373213" lon="118.263986">
        <ele>893.4</ele>
        <time>2022-04-29T14:41:16Z</time>
      </trkpt>
      <trkpt lat="-34.373278" lon="118.263954">
        <ele>900.3</ele>
        <time>2022-04-29T14:41:35Z</time>
      </trkpt>
      <trkpt lat="-34.373443" lon="118.263965">
        <ele>907.4</ele>
        <time>2022-04-29T14:42:17Z</time>
      </trkpt>
      <trkpt lat="-34.373522" lon="118.263981">
        <ele>914.3</ele>
        <time>2022-04-29T14:42:38Z</time>
      </trkpt>
      <trkpt lat="-34.373589" lon="118.263981">
        <ele>920.9</ele>
        <time>2022-04-29T14:42:55Z</time>
      </trkpt>
      <trkpt lat="-34.373664" lon="118.264029">
        <ele>927.2</ele>
        <time>2022-04-29T14:43:16Z</time>
      </trkpt>
      <trkpt lat="-34.373744" lon="118.264093">
        <ele>933.1</ele>
        <time>2022-04-29T14:43:41Z</time>
      </trkpt>
      <trkpt lat="-34.373819" lon="118.264153">
        <ele>939.0</ele>
        <time>2022-04-29T14:44:04Z</time>
      </trkpt>
      <trkpt lat="-34.373894" lon="118.264195">
        <ele>943.6</ele>
        <time>2022-04-29T14:44:25Z</time>
      </trkpt>
      <trkpt lat="-34.373943" lon="118.264292">
        <ele>947.8</ele>
        <time>2022-04-29T14:44:49Z</time>
      </trkpt>
      <trkpt lat="-34.373992" lon="118.264378">
        <ele>951.9</ele>
        <time>2022-04-29T14:45:11Z</time>
      </trkpt>
      <trkpt lat="-34.37404" lon="118.264448">
        <ele>956.1</ele>
        <time>2022-04-29T14:45:31Z</time>
      </trkpt>
      <trkpt lat="-34.374142" lon="118.26449">
        <ele>960.2</ele>
        <time>2022-04-29T14:45:58Z</time>
      </trkpt>
      <trkpt lat="-34.374182" lon="118.264539">
        <ele>964.3</ele>
        <time>2022-04-29T14:46:13Z</time>
      </trkpt>
      <trkpt lat="-34.374253" lon="118.264517">
        <ele>968.5</ele>
        <time>2022-04-29T14:46:31Z</time>
      </trkpt>
      <trkpt lat="-34.374337" lon="118.264469">
        <ele>973.0</ele>
        <time>2022-04-29T14:46:55Z</time>
      </trkpt>
      <trkpt lat="-34.374443" lon="118.264437">
        <ele>977.5</ele>
        <time>2022-04-29T14:47:23Z</time>
      </trkpt>
      <trkpt lat="-34.374528" lon="118.264426">
        <ele>981.9</ele>
        <time>2022-04-29T14:47:45Z</time>
      </trkpt>
      <trkpt lat="-34.374607" lon="118.26441">
        <ele>986.1</ele>
        <time>2022-04-29T14:48:06Z</time>
      </trkpt>
      <trkpt lat="-34.374696" lon="118.264372">
        <ele>989.9</ele>
        <time>2022-04-29T14:48:30Z</time>
      </trkpt>
      <trkpt lat="-34.374775" lon="118.264405">
        <ele>993.4</ele>
        <time>2022-04-29T14:48:52Z</time>
      </trkpt>
      <trkpt lat="-34.37482" lon="118.264426">
        <ele>996.3</ele>
        <time>2022-04-29T14:49:04Z</time>
      </trkpt>
      <trkpt lat="-34.374873" lon="118.264351">
        <ele>998.5</ele>
        <time>2022-04-29T14:49:25Z</time>
      </trkpt>
      <trkpt lat="-34.374957" lon="118.264158">
        <ele>1000.0</ele>
        <time>2022-04-29T14:50:11Z</time>
      </trkpt>
      <trkpt lat="-34.374908" lon="118.263959">
        <ele>1001.0</ele>
        <time>2022-04-29T14:50:55Z</time>
      </trkpt>
      <trkpt lat="-34.374868" lon="118.263874">
        <ele>1001.5</ele>
        <time>2022-04-29T14:51:16Z</time>
      </trkpt>
      <trkpt lat="-34.374882" lon="118.263707">
        <ele>1001.6</ele>
        <time>2022-04-29T14:51:51Z</time>
      </trkpt>
      <trkpt lat="-34.374842" lon="118.263627">
        <ele>1001.6</ele>
        <time>2022-04-29T14:52:11Z</time>
      </trkpt>
      <trkpt lat="-34.374767" lon="118.263434">
        <ele>1001.5</ele>
        <time>2022-04-29T14:52:56Z</time>
      </trkpt>
      <trkpt lat="-34.374709" lon="118.263219">
        <ele>1001.0</ele>
        <time>2022-04-29T14:53:44Z</time>
      </trkpt>
      <trkpt lat="-34.374656" lon="118.263112">
        <ele>1000.5</ele>
        <time>2022-04-29T14:54:10Z</time>
      </trkpt>
      <trkpt lat="-34.374607" lon="118.262935">
        <ele>1000.1</ele>
        <time>2022-04-29T14:54:50Z</time>
      </trkpt>
      <trkpt lat="-34.374651" lon="118.26286">
        <ele>999.5</ele>
        <time>2022-04-29T14:55:09Z</time>
      </trkpt>
      <trkpt lat="-34.374709" lon="118.26279">
        <ele>998.6</ele>
        <time>2022-04-29T14:55:30Z</time>
      </trkpt>
      <trkpt lat="-34.374753" lon="118.26272">
        <ele>997.7</ele>
        <time>2022-04-29T14:55:49Z</time>
      </trkpt>
      <trkpt lat="-34.374806" lon="118.262645">
        <ele>996.8</ele>
        <time>2022-04-29T14:56:10Z</time>
      </trkpt>
      <trkpt lat="-34.374792" lon="118.262543">
        <ele>995.7</ele>
        <time>2022-04-29T14:56:32Z</time>
      </trkpt>
      <trkpt lat="-34.374792" lon="118.262377">
        <ele>994.4</ele>
        <time>2022-04-29T14:57:07Z</time>
      </trkpt>
      <trkpt lat="-34.374823" lon="118.262275">
        <ele>992.8</ele>
        <time>2022-04-29T14:57:30Z</time>
      </trkpt>
      <trkpt lat="-34.374837" lon="118.262135">
        <ele>991.1</ele>
        <time>2022-04-29T14:58:00Z</time>
      </trkpt>
      <trkpt lat="-34.374846" lon="118.262087">
        <ele>989.4</ele>
        <time>2022-04-29T14:58:10Z</time>
      </trkpt>
      <trkpt lat="-34.374899" lon="118.262001">
        <ele>987.5</ele>
        <time>2022-04-29T14:58:33Z</time>
      </trkpt>
      <trkpt lat="-34.374953" lon="118.261942">
        <ele>985.5</ele>
        <time>2022-04-29T14:58:51Z</time>
      </trkpt>
      <trkpt lat="-34.375019" lon="118.261905">
        <ele>983.5</ele>
        <time>2022-04-29T14:59:10Z</time>
      </trkpt>
      <trkpt lat="-34.375103" lon="118.261905">
        <ele>981.5</ele>
        <time>2022-04-29T14:59:32Z</time>
      </trkpt>
      <trkpt lat="-34.375155" lon="118.261894">
        <ele>979.6</ele>
        <time>2022-04-29T14:59:46Z</time>
      </trkpt>
      <trkpt lat="-34.375214" lon="118.261873">
        <ele>977.5</ele>
        <time>2022-04-29T15:00:01Z</time>
      </trkpt>
      <trkpt lat="-34.375285" lon="118.26183">
        <ele>975.5</ele>
        <time>2022-04-29T15:00:21Z</time>
      </trkpt>
      <trkpt lat="-34.375324" lon="118.261755">
        <ele>973.4</ele>
        <time>2022-04-29T15:00:40Z</time>
      </trkpt>
      <trkpt lat="-34.375333" lon="118.261685">
        <ele>971.3</ele>
        <time>2022-04-29T15:00:55Z</time>
      </trkpt>
      <trkpt lat="-34.375391" lon="118.261583">
        <ele>969.1</ele>
        <time>2022-04-29T15:01:21Z</time>
      </trkpt>
      <trkpt lat="-34.375435" lon="118.261454">
        <ele>966.9</ele>
        <time>2022-04-29T15:01:51Z</time>
      </trkpt>
      <trkpt lat="-34.375524" lon="118.261331">
        <ele>965.0</ele>
        <time>2022-04-29T15:02:25Z</time>
      </trkpt>
      <trkpt lat="-34.37558" lon="118.261261">
        <ele>963.5</ele>
        <time>2022-04-29T15:02:46Z</time>
      </trkpt>
      <trkpt lat="-34.375608" lon="118.261181">
        <ele>962.4</ele>
        <time>2022-04-29T15:03:05Z</time>
      </trkpt>
      <trkpt lat="-34.375727" lon="118.261143">
        <ele>961.7</ele>
        <time>2022-04-29T15:03:36Z</time>
      </trkpt>
      <trkpt lat="-34.375781" lon="118.2611">
        <ele>961.6</ele>
        <time>2022-04-29T15:03:53Z</time>
      </trkpt>
      <trkpt lat="-34.375829" lon="118.261014">
        <ele>962.2</ele>
        <time>2022-04-29T15:04:15Z</time>
      </trkpt>
      <trkpt lat="-34.375869" lon="118.260896">
        <ele>964.1</ele>
        <time>2022-04-29T15:04:42Z</time>
      </trkpt>
      <trkpt lat="-34.375922" lon="118.260816">
        <ele>966.8</ele>
        <time>2022-04-29T15:05:04Z</time>
      </trkpt>
      <trkpt lat="-34.375962" lon="118.260725">
        <ele>970.5</ele>
        <time>2022-04-29T15:05:25Z</time>
      </trkpt>
      <trkpt lat="-34.376033" lon="118.260633">
        <ele>975.1</ele>
        <time>2022-04-29T15:05:52Z</time>
      </trkpt>
      <trkpt lat="-34.376077" lon="118.260532">
        <ele>980.7</ele>
        <time>2022-04-29T15:06:16Z</time>
      </trkpt>
      <trkpt lat="-34.376143" lon="118.260253">
        <ele>986.9</ele>
        <time>2022-04-29T15:07:18Z</time>
      </trkpt>
      <trkpt lat="-34.376161" lon="118.260172">
        <ele>993.5</ele>
        <time>2022-04-29T15:07:35Z</time>
      </trkpt>
      <trkpt lat="-34.376201" lon="118.26007">
        <ele>999.9</ele>
        <time>2022-04-29T15:07:59Z</time>
      </trkpt>
      <trkpt lat="-34.376237" lon="118.259952">
        <ele>1006.3</ele>
        <time>2022-04-29T15:08:26Z</time>
      </trkpt>
      <trkpt lat="-34.376321" lon="118.25985">
        <ele>1012.5</ele>
        <time>2022-04-29T15:08:56Z</time>
      </trkpt>
      <trkpt lat="-34.376444" lon="118.25977">
        <ele>1018.4</ele>
        <time>2022-04-29T15:09:32Z</time>
      </trkpt>
      <trkpt lat="-34.376524" lon="118.259684">
        <ele>1023.4</ele>
        <time>2022-04-29T15:10:00Z</time>
      </trkpt>
      <trkpt lat="-34.376595" lon="118.25963">
        <ele>1027.7</ele>
        <time>2022-04-29T15:10:21Z</time>
      </trkpt>
      <trkpt lat="-34.376573" lon="118.259544">
        <ele>1031.5</ele>
        <time>2022-04-29T15:10:40Z</time>
      </trkpt>
      <trkpt lat="-34.376529" lon="118.259426">
        <ele>1034.6</ele>
        <time>2022-04-29T15:11:08Z</time>
      </trkpt>
      <trkpt lat="-34.376461" lon="118.25933">
        <ele>1037.1</ele>
        <time>2022-04-29T15:11:34Z</time>
      </trkpt>
      <trkpt lat="-34.376392" lon="118.259233">
        <ele>1039.1</ele>
        <time>2022-04-29T15:12:02Z</time>
      </trkpt>
      <trkpt lat="-34.376325" lon="118.259148">
        <ele>1040.7</ele>
        <time>2022-04-29T15:12:27Z</time>
      </trkpt>
      <trkpt lat="-34.376241" lon="118.259035">
        <ele>1042.1</ele>
        <time>2022-04-29T15:12:59Z</time>
      </trkpt>
      <trkpt lat="-34.376166" lon="118.258938">
        <ele>1042.9</ele>
        <time>2022-04-29T15:13:27Z</time>
      </trkpt>
      <trkpt lat="-34.37605" lon="118.258826">
        <ele>1043.5</ele>
        <time>2022-04-29T15:14:05Z</time>
      </trkpt>
      <trkpt lat="-34.376024" lon="118.258729">
        <ele>1043.7</ele>
        <time>2022-04-29T15:14:26Z</time>
      </trkpt>
      <trkpt lat="-34.376011" lon="118.258649">
        <ele>1043.6</ele>
        <time>2022-04-29T15:14:44Z</time>
      </trkpt>
      <trkpt lat="-34.376143" lon="118.258375">
        <ele>1043.3</ele>
        <time>2022-04-29T15:15:51Z</time>
      </trkpt>
      <trkpt lat="-34.376219" lon="118.25823">
        <ele>1042.5</ele>
        <time>2022-04-29T15:16:27Z</time>
      </trkpt>
      <trkpt lat="-34.376237" lon="118.258187">
        <ele>1041.5</ele>
        <time>2022-04-29T15:16:37Z</time>
      </trkpt>
      <trkpt lat="-34.376307" lon="118.258134">
        <ele>1040.2</ele>
        <time>2022-04-29T15:16:59Z</time>
      </trkpt>
      <trkpt lat="-34.376368" lon="118.258091">
        <ele>1038.7</ele>
        <time>2022-04-29T15:17:17Z</time>
      </trkpt>
      <trkpt lat="-34.376449" lon="118.258026">
        <ele>1037.1</ele>
        <time>2022-04-29T15:17:42Z</time>
      </trkpt>
      <trkpt lat="-34.376533" lon="118.257941">
        <ele>1035.6</ele>
        <time>2022-04-29T15:18:10Z</time>
      </trkpt>
      <trkpt lat="-34.376591" lon="118.257855">
        <ele>1034.8</ele>
        <time>2022-04-29T15:18:33Z</time>
      </trkpt>
      <trkpt lat="-34.376595" lon="118.257817">
        <ele>1034.4</ele>
        <time>2022-04-29T15:18:41Z</time>
      </trkpt>
      <trkpt lat="-34.376586" lon="118.257704">
        <ele>1034.5</ele>
        <time>2022-04-29T15:19:05Z</time>
      </trkpt>
      <trkpt lat="-34.376573" lon="118.257597">
        <ele>1034.9</ele>
        <time>2022-04-29T15:19:28Z</time>
      </trkpt>
      <trkpt lat="-34.376542" lon="118.257527">
        <ele>1035.7</ele>
        <time>2022-04-29T15:19:45Z</time>
      </trkpt>
      <trkpt lat="-34.376484" lon="118.25742">
        <ele>1036.9</ele>
        <time>2022-04-29T15:20:12Z</time>
      </trkpt>
      <trkpt lat="-34.37644" lon="118.257329">
        <ele>1038.5</ele>
        <time>2022-04-29T15:20:35Z</time>
      </trkpt>
      <trkpt lat="-34.376383" lon="118.257243">
        <ele>1040.3</ele>
        <time>2022-04-29T15:20:58Z</time>
      </trkpt>
      <trkpt lat="-34.376312" lon="118.257125">
        <ele>1042.2</ele>
        <time>2022-04-29T15:21:29Z</time>
      </trkpt>
      <trkpt lat="-34.376276" lon="118.257071">
        <ele>1044.2</ele>
        <time>2022-04-29T15:21:43Z</time>
      </trkpt>
      <trkpt lat="-34.376192" lon="118.257071">
        <ele>1046.2</ele>
        <time>2022-04-29T15:22:05Z</time>
      </trkpt>
      <trkpt lat="-34.376117" lon="118.257002">
        <ele>1048.3</ele>
        <time>2022-04-29T15:22:29Z</time>
      </trkpt>
      <trkpt lat="-34.376077" lon="118.25697">
        <ele>1050.4</ele>
        <time>2022-04-29T15:22:42Z</time>
      </trkpt>
      <trkpt lat="-34.376036" lon="118.256889">
        <ele>1052.2</ele>
        <time>2022-04-29T15:23:01Z</time>
      </trkpt>
      <trkpt lat="-34.376028" lon="118.256846">
        <ele>1054.0</ele>
        <time>2022-04-29T15:23:11Z</time>
      </trkpt>
      <trkpt lat="-34.375922" lon="118.256857">
        <ele>1055.9</ele>
        <time>2022-04-29T15:23:38Z</time>
      </trkpt>
      <trkpt lat="-34.375829" lon="118.256771">
        <ele>1057.8</ele>
        <time>2022-04-29T15:24:08Z</time>
      </trkpt>
      <trkpt lat="-34.375736" lon="118.25668">
        <ele>1059.5</ele>
        <time>2022-04-29T15:24:39Z</time>
      </trkpt>
      <trkpt lat="-34.375661" lon="118.256642">
        <ele>1061.1</ele>
        <time>2022-04-29T15:25:00Z</time>
      </trkpt>
      <trkpt lat="-34.375599" lon="118.256599">
        <ele>1062.6</ele>
        <time>2022-04-29T15:25:18Z</time>
      </trkpt>
      <trkpt lat="-34.375541" lon="118.256535">
        <ele>1064.1</ele>
        <time>2022-04-29T15:25:38Z</time>
      </trkpt>
      <trkpt lat="-34.375453" lon="118.25653">
        <ele>1065.5</ele>
        <time>2022-04-29T15:26:01Z</time>
      </trkpt>
      <trkpt lat="-34.375364" lon="118.256514">
        <ele>1065.1</ele>
        <time>2022-04-29T15:26:24Z</time>
      </trkpt>
      <trkpt lat="-34.375231" lon="118.256535">
        <ele>1063.3</ele>
        <time>2022-04-29T15:26:58Z</time>
      </trkpt>
      <trkpt lat="-34.375196" lon="118.256471">
        <ele>1060.6</ele>
        <time>2022-04-29T15:27:15Z</time>
      </trkpt>
      <trkpt lat="-34.375094" lon="118.256444">
        <ele>1056.6</ele>
        <time>2022-04-29T15:27:41Z</time>
      </trkpt>
      <trkpt lat="-34.375006" lon="118.256428">
        <ele>1051.5</ele>
        <time>2022-04-29T15:28:04Z</time>
      </trkpt>
      <trkpt lat="-34.374882" lon="118.256337">
        <ele>1046.4</ele>
        <time>2022-04-29T15:28:41Z</time>
      </trkpt>
      <trkpt lat="-34.374798" lon="118.256256">
        <ele>1041.6</ele>
        <time>2022-04-29T15:29:09Z</time>
      </trkpt>
      <trkpt lat="-34.374736" lon="118.256181">
        <ele>1039.0</ele>
        <time>2022-04-29T15:29:31Z</time>
      </trkpt>
      <trkpt lat="-34.374678" lon="118.256074">
        <ele>1037.5</ele>
        <time>2022-04-29T15:29:59Z</time>
      </trkpt>
      <trkpt lat="-34.374643" lon="118.256025">
        <ele>1039.0</ele>
        <time>2022-04-29T15:30:12Z</time>
      </trkpt>
      <trkpt lat="-34.374669" lon="118.255881">
        <ele>1040.5</ele>
        <time>2022-04-29T15:30:44Z</time>
      </trkpt>
      <trkpt lat="-34.374705" lon="118.2558">
        <ele>1043.2</ele>
        <time>2022-04-29T15:31:03Z</time>
      </trkpt>
      <trkpt lat="-34.374806" lon="118.255725">
        <ele>1046.8</ele>
        <time>2022-04-29T15:31:34Z</time>
      </trkpt>
      <trkpt lat="-34.374864" lon="118.255682">
        <ele>1051.0</ele>
        <time>2022-04-29T15:31:51Z</time>
      </trkpt>
      <trkpt lat="-34.374984" lon="118.255709">
        <ele>1056.1</ele>
        <time>2022-04-29T15:32:22Z</time>
      </trkpt>
      <trkpt lat="-34.375077" lon="118.255655">
        <ele>1061.8</ele>
        <time>2022-04-29T15:32:49Z</time>
      </trkpt>
      <trkpt lat="-34.375152" lon="118.255607">
        <ele>1066.5</ele>
        <time>2022-04-29T15:33:10Z</time>
      </trkpt>
      <trkpt lat="-34.375231" lon="118.255548">
        <ele>1070.9</ele>
        <time>2022-04-29T15:33:34Z</time>
      </trkpt>
      <trkpt lat="-34.375298" lon="118.255484">
        <ele>1072.5</ele>
        <time>2022-04-29T15:33:56Z</time>
      </trkpt>
      <trkpt lat="-34.3754" lon="118.255387">
        <ele>1071.6</ele>
        <time>2022-04-29T15:34:29Z</time>
      </trkpt>
      <trkpt lat="-34.375426" lon="118.255221">
        <ele>1067.9</ele>
        <time>2022-04-29T15:35:05Z</time>
      </trkpt>
      <trkpt lat="-34.375471" lon="118.254926">
        <ele>1064.8</ele>
        <time>2022-04-29T15:36:09Z</time>
      </trkpt>
      <trkpt lat="-34.375692" lon="118.254786">
        <ele>1062.4</ele>
        <time>2022-04-29T15:37:13Z</time>
      </trkpt>
      <trkpt lat="-34.375767" lon="118.254636">
        <ele>1060.3</ele>
        <time>2022-04-29T15:37:50Z</time>
      </trkpt>
      <trkpt lat="-34.3759" lon="118.254475">
        <ele>1058.4</ele>
        <time>2022-04-29T15:38:38Z</time>
      </trkpt>
      <trkpt lat="-34.376019" lon="118.254346">
        <ele>1056.6</ele>
        <time>2022-04-29T15:39:19Z</time>
      </trkpt>
      <trkpt lat="-34.376188" lon="118.254298">
        <ele>1055.1</ele>
        <time>2022-04-29T15:40:03Z</time>
      </trkpt>
      <trkpt lat="-34.376307" lon="118.254287">
        <ele>1054.3</ele>
        <time>2022-04-29T15:40:34Z</time>
      </trkpt>
      <trkpt lat="-34.376413" lon="118.254298">
        <ele>1052.9</ele>
        <time>2022-04-29T15:41:02Z</time>
      </trkpt>
      <trkpt lat="-34.376511" lon="118.254244">
        <ele>1052.2</ele>
        <time>2022-04-29T15:41:29Z</time>
      </trkpt>
      <trkpt lat="-34.3766" lon="118.254196">
        <ele>1052.3</ele>
        <time>2022-04-29T15:41:54Z</time>
      </trkpt>
      <trkpt lat="-34.376679" lon="118.254116">
        <ele>1052.1</ele>
        <time>2022-04-29T15:42:21Z</time>
      </trkpt>
      <trkpt lat="-34.376755" lon="118.254078">
        <ele>1050.9</ele>
        <time>2022-04-29T15:42:41Z</time>
      </trkpt>
      <trkpt lat="-34.376812" lon="118.254014">
        <ele>1049.1</ele>
        <time>2022-04-29T15:43:01Z</time>
      </trkpt>
      <trkpt lat="-34.376883" lon="118.253949">
        <ele>1046.7</ele>
        <time>2022-04-29T15:43:24Z</time>
      </trkpt>
      <trkpt lat="-34.376963" lon="118.253928">
        <ele>1044.0</ele>
        <time>2022-04-29T15:43:45Z</time>
      </trkpt>
      <trkpt lat="-34.377082" lon="118.253923">
        <ele>1041.1</ele>
        <time>2022-04-29T15:44:16Z</time>
      </trkpt>
      <trkpt lat="-34.377197" lon="118.253885">
        <ele>1038.1</ele>
        <time>2022-04-29T15:44:46Z</time>
      </trkpt>
      <trkpt lat="-34.377294" lon="118.25388">
        <ele>1035.0</ele>
        <time>2022-04-29T15:45:11Z</time>
      </trkpt>
      <trkpt lat="-34.377392" lon="118.253837">
        <ele>1032.1</ele>
        <time>2022-04-29T15:45:38Z</time>
      </trkpt>
      <trkpt lat="-34.377494" lon="118.253788">
        <ele>1029.4</ele>
        <time>2022-04-29T15:46:06Z</time>
      </trkpt>
      <trkpt lat="-34.377552" lon="118.253756">
        <ele>1026.8</ele>
        <time>2022-04-29T15:46:22Z</time>
      </trkpt>
      <trkpt lat="-34.377618" lon="118.253697">
        <ele>1024.4</ele>
        <time>2022-04-29T15:46:43Z</time>
      </trkpt>
      <trkpt lat="-34.377684" lon="118.253622">
        <ele>1022.2</ele>
        <time>2022-04-29T15:47:07Z</time>
      </trkpt>
      <trkpt lat="-34.377737" lon="118.253552">
        <ele>1020.3</ele>
        <time>2022-04-29T15:47:27Z</time>
      </trkpt>
      <trkpt lat="-34.377822" lon="118.253467">
        <ele>1018.6</ele>
        <time>2022-04-29T15:47:55Z</time>
      </trkpt>
      <trkpt lat="-34.377853" lon="118.253359">
        <ele>1017.4</ele>
        <time>2022-04-29T15:48:19Z</time>
      </trkpt>
      <trkpt lat="-34.377954" lon="118.253327">
        <ele>1016.2</ele>
        <time>2022-04-29T15:48:46Z</time>
      </trkpt>
      <trkpt lat="-34.378047" lon="118.253263">
        <ele>1015.1</ele>
        <time>2022-04-29T15:49:14Z</time>
      </trkpt>
      <trkpt lat="-34.378127" lon="118.253225">
        <ele>1014.2</ele>
        <time>2022-04-29T15:49:36Z</time>
      </trkpt>
      <trkpt lat="-34.378233" lon="118.253139">
        <ele>1013.3</ele>
        <time>2022-04-29T15:50:08Z</time>
      </trkpt>
      <trkpt lat="-34.378286" lon="118.253086">
        <ele>1012.4</ele>
        <time>2022-04-29T15:50:26Z</time>
      </trkpt>
      <trkpt lat="-34.378362" lon="118.253032">
        <ele>1011.4</ele>
        <time>2022-04-29T15:50:48Z</time>
      </trkpt>
      <trkpt lat="-34.378433" lon="118.252995">
        <ele>1010.4</ele>
        <time>2022-04-29T15:51:08Z</time>
      </trkpt>
      <trkpt lat="-34.37845" lon="118.252887">
        <ele>1009.2</ele>
        <time>2022-04-29T15:51:31Z</time>
      </trkpt>
      <trkpt lat="-34.378476" lon="118.252753">
        <ele>1007.7</ele>
        <time>2022-04-29T15:52:01Z</time>
      </trkpt>
      <trkpt lat="-34.378476" lon="118.252683">
        <ele>1006.2</ele>
        <time>2022-04-29T15:52:15Z</time>
      </trkpt>
      <trkpt lat="-34.378464" lon="118.252587">
        <ele>1004.5</ele>
        <time>2022-04-29T15:52:36Z</time>
      </trkpt>
      <trkpt lat="-34.378507" lon="118.252501">
        <ele>1003.0</ele>
        <time>2022-04-29T15:52:58Z</time>
      </trkpt>
      <trkpt lat="-34.378526" lon="118.252426">
        <ele>1001.5</ele>
        <time>2022-04-29T15:53:14Z</time>
      </trkpt>
      <trkpt lat="-34.37857" lon="118.252319">
        <ele>1000.1</ele>
        <time>2022-04-29T15:53:39Z</time>
      </trkpt>
      <trkpt lat="-34.378588" lon="118.25226">
        <ele>998.6</ele>
        <time>2022-04-29T15:53:53Z</time>
      </trkpt>
      <trkpt lat="-34.378579" lon="118.252195">
        <ele>997.1</ele>
        <time>2022-04-29T15:54:07Z</time>
      </trkpt>
      <trkpt lat="-34.378539" lon="118.252142">
        <ele>995.5</ele>
        <time>2022-04-29T15:54:22Z</time>
      </trkpt>
      <trkpt lat="-34.378507" lon="118.252099">
        <ele>993.8</ele>
        <time>2022-04-29T15:54:34Z</time>
      </trkpt>
      <trkpt lat="-34.378468" lon="118.252066">
        <ele>992.2</ele>
        <time>2022-04-29T15:54:46Z</time>
      </trkpt>
      <trkpt lat="-34.378476" lon="118.251991">
        <ele>990.5</ele>
        <time>2022-04-29T15:55:02Z</time>
      </trkpt>
      <trkpt lat="-34.378503" lon="118.251922">
        <ele>988.6</ele>
        <time>2022-04-29T15:55:19Z</time>
      </trkpt>
      <trkpt lat="-34.378552" lon="118.251863">
        <ele>986.6</ele>
        <time>2022-04-29T15:55:36Z</time>
      </trkpt>
      <trkpt lat="-34.378499" lon="118.251798">
        <ele>984.3</ele>
        <time>2022-04-29T15:55:55Z</time>
      </trkpt>
      <trkpt lat="-34.37853" lon="118.251723">
        <ele>981.6</ele>
        <time>2022-04-29T15:56:13Z</time>
      </trkpt>
      <trkpt lat="-34.378539" lon="118.2516">
        <ele>979.1</ele>
        <time>2022-04-29T15:56:39Z</time>
      </trkpt>
      <trkpt lat="-34.378539" lon="118.251519">
        <ele>976.6</ele>
        <time>2022-04-29T15:56:57Z</time>
      </trkpt>
      <trkpt lat="-34.378526" lon="118.251455">
        <ele>974.2</ele>
        <time>2022-04-29T15:57:11Z</time>
      </trkpt>
      <trkpt lat="-34.378512" lon="118.251364">
        <ele>972.0</ele>
        <time>2022-04-29T15:57:30Z</time>
      </trkpt>
      <trkpt lat="-34.37857" lon="118.251256">
        <ele>969.8</ele>
        <time>2022-04-29T15:57:57Z</time>
      </trkpt>
      <trkpt lat="-34.378636" lon="118.251235">
        <ele>967.3</ele>
        <time>2022-04-29T15:58:15Z</time>
      </trkpt>
      <trkpt lat="-34.378685" lon="118.25123">
        <ele>964.6</ele>
        <time>2022-04-29T15:58:27Z</time>
      </trkpt>
      <trkpt lat="-34.378773" lon="118.251208">
        <ele>962.1</ele>
        <time>2022-04-29T15:58:51Z</time>
      </trkpt>
      <trkpt lat="-34.378827" lon="118.25123">
        <ele>959.7</ele>
        <time>2022-04-29T15:59:05Z</time>
      </trkpt>
      <trkpt lat="-34.378906" lon="118.251203">
        <ele>957.5</ele>
        <time>2022-04-29T15:59:26Z</time>
      </trkpt>
      <trkpt lat="-34.378973" lon="118.251074">
        <ele>955.5</ele>
        <time>2022-04-29T15:59:58Z</time>
      </trkpt>
      <trkpt lat="-34.379079" lon="118.251037">
        <ele>953.4</ele>
        <time>2022-04-29T16:00:27Z</time>
      </trkpt>
      <trkpt lat="-34.379171" lon="118.251047">
        <ele>951.0</ele>
        <time>2022-04-29T16:00:51Z</time>
      </trkpt>
      <trkpt lat="-34.379233" lon="118.251047">
        <ele>948.5</ele>
        <time>2022-04-29T16:01:07Z</time>
      </trkpt>
      <trkpt lat="-34.379367" lon="118.25101">
        <ele>945.8</ele>
        <time>2022-04-29T16:01:42Z</time>
      </trkpt>
      <trkpt lat="-34.379455" lon="118.250999">
        <ele>943.1</ele>
        <time>2022-04-29T16:02:04Z</time>
      </trkpt>
      <trkpt lat="-34.379508" lon="118.250983">
        <ele>940.7</ele>
        <time>2022-04-29T16:02:18Z</time>
      </trkpt>
      <trkpt lat="-34.379593" lon="118.250988">
        <ele>938.6</ele>
        <time>2022-04-29T16:02:40Z</time>
      </trkpt>
      <trkpt lat="-34.379703" lon="118.250956">
        <ele>936.5</ele>
        <time>2022-04-29T16:03:09Z</time>
      </trkpt>
      <trkpt lat="-34.379743" lon="118.250908">
        <ele>934.2</ele>
        <time>2022-04-29T16:03:24Z</time>
      </trkpt>
      <trkpt lat="-34.379836" lon="118.250908">
        <ele>932.0</ele>
        <time>2022-04-29T16:03:48Z</time>
      </trkpt>
      <trkpt lat="-34.379889" lon="118.250886">
        <ele>929.7</ele>
        <time>2022-04-29T16:04:02Z</time>
      </trkpt>
      <trkpt lat="-34.379964" lon="118.250849">
        <ele>927.5</ele>
        <time>2022-04-29T16:04:23Z</time>
      </trkpt>
      <trkpt lat="-34.380066" lon="118.250843">
        <ele>925.1</ele>
        <time>2022-04-29T16:04:49Z</time>
      </trkpt>
      <trkpt lat="-34.38015" lon="118.250876">
        <ele>922.8</ele>
        <time>2022-04-29T16:05:12Z</time>
      </trkpt>
      <trkpt lat="-34.380226" lon="118.250881">
        <ele>920.5</ele>
        <time>2022-04-29T16:05:31Z</time>
      </trkpt>
      <trkpt lat="-34.380336" lon="118.250897">
        <ele>918.3</ele>
        <time>2022-04-29T16:06:00Z</time>
      </trkpt>
      <trkpt lat="-34.380394" lon="118.250897">
        <ele>916.2</ele>
        <time>2022-04-29T16:06:14Z</time>
      </trkpt>
      <trkpt lat="-34.380477" lon="118.250854">
        <ele>914.2</ele>
        <time>2022-04-29T16:06:38Z</time>
      </trkpt>
      <trkpt lat="-34.380509" lon="118.25079">
        <ele>912.5</ele>
        <time>2022-04-29T16:06:53Z</time>
      </trkpt>
      <trkpt lat="-34.380527" lon="118.250709">
        <ele>910.7</ele>
        <time>2022-04-29T16:07:11Z</time>
      </trkpt>
      <trkpt lat="-34.380513" lon="118.250645">
        <ele>909.0</ele>
        <time>2022-04-29T16:07:25Z</time>
      </trkpt>
      <trkpt lat="-34.380469" lon="118.250554">
        <ele>907.5</ele>
        <time>2022-04-29T16:07:48Z</time>
      </trkpt>
      <trkpt lat="-34.38042" lon="118.250473">
        <ele>905.5</ele>
        <time>2022-04-29T16:08:09Z</time>
      </trkpt>
      <trkpt lat="-34.380376" lon="118.25042">
        <ele>903.6</ele>
        <time>2022-04-29T16:08:25Z</time>
      </trkpt>
      <trkpt lat="-34.380332" lon="118.250323">
        <ele>901.6</ele>
        <time>2022-04-29T16:08:48Z</time>
      </trkpt>
      <trkpt lat="-34.38023" lon="118.250189">
        <ele>899.8</ele>
        <time>2022-04-29T16:09:27Z</time>
      </trkpt>
      <trkpt lat="-34.380159" lon="118.25013">
        <ele>897.7</ele>
        <time>2022-04-29T16:09:49Z</time>
      </trkpt>
      <trkpt lat="-34.380088" lon="118.24998">
        <ele>895.5</ele>
        <time>2022-04-29T16:10:25Z</time>
      </trkpt>
      <trkpt lat="-34.380013" lon="118.249915">
        <ele>893.1</ele>
        <time>2022-04-29T16:10:49Z</time>
      </trkpt>
      <trkpt lat="-34.379907" lon="118.249872">
        <ele>890.3</ele>
        <time>2022-04-29T16:11:18Z</time>
      </trkpt>
      <trkpt lat="-34.379774" lon="118.249851">
        <ele>886.7</ele>
        <time>2022-04-29T16:11:52Z</time>
      </trkpt>
      <trkpt lat="-34.379677" lon="118.249813">
        <ele>883.0</ele>
        <time>2022-04-29T16:12:18Z</time>
      </trkpt>
      <trkpt lat="-34.379575" lon="118.249776">
        <ele>879.0</ele>
        <time>2022-04-29T16:12:46Z</time>
      </trkpt>
      <trkpt lat="-34.379504" lon="118.24976">
        <ele>875.2</ele>
        <time>2022-04-29T16:13:04Z</time>
      </trkpt>
      <trkpt lat="-34.379407" lon="118.249728">
        <ele>871.5</ele>
        <time>2022-04-29T16:13:30Z</time>
      </trkpt>
      <trkpt lat="-34.379314" lon="118.249663">
        <ele>867.6</ele>
        <time>2022-04-29T16:13:58Z</time>
      </trkpt>
      <trkpt lat="-34.37923" lon="118.249663">
        <ele>863.8</ele>
        <time>2022-04-29T16:14:19Z</time>
      </trkpt>
      <trkpt lat="-34.379114" lon="118.249679">
        <ele>859.7</ele>
        <time>2022-04-29T16:14:49Z</time>
      </trkpt>
      <trkpt lat="-34.378977" lon="118.249679">
        <ele>855.5</ele>
        <time>2022-04-29T16:15:24Z</time>
      </trkpt>
      <trkpt lat="-34.378884" lon="118.249695">
        <ele>851.1</ele>
        <time>2022-04-29T16:15:48Z</time>
      </trkpt>
      <trkpt lat="-34.37876" lon="118.249701">
        <ele>846.5</ele>
        <time>2022-04-29T16:16:20Z</time>
      </trkpt>
      <trkpt lat="-34.378672" lon="118.249722">
        <ele>842.6</ele>
        <time>2022-04-29T16:16:43Z</time>
      </trkpt>
      <trkpt lat="-34.37857" lon="118.249728">
        <ele>838.8</ele>
        <time>2022-04-29T16:17:09Z</time>
      </trkpt>
      <trkpt lat="-34.378499" lon="118.249733">
        <ele>835.3</ele>
        <time>2022-04-29T16:17:27Z</time>
      </trkpt>
      <trkpt lat="-34.378424" lon="118.249744">
        <ele>831.7</ele>
        <time>2022-04-29T16:17:47Z</time>
      </trkpt>
      <trkpt lat="-34.378317" lon="118.249765">
        <ele>828.0</ele>
        <time>2022-04-29T16:18:15Z</time>
      </trkpt>
      <trkpt lat="-34.378233" lon="118.249813">
        <ele>824.5</ele>
        <time>2022-04-29T16:18:38Z</time>
      </trkpt>
      <trkpt lat="-34.378145" lon="118.249889">
        <ele>820.8</ele>
        <time>2022-04-29T16:19:06Z</time>
      </trkpt>
      <trkpt lat="-34.378078" lon="118.249953">
        <ele>817.4</ele>
        <time>2022-04-29T16:19:28Z</time>
      </trkpt>
      <trkpt lat="-34.377994" lon="118.249985">
        <ele>814.1</ele>
        <time>2022-04-29T16:19:51Z</time>
      </trkpt>
      <trkpt lat="-34.377835" lon="118.250076">
        <ele>811.0</ele>
        <time>2022-04-29T16:20:36Z</time>
      </trkpt>
      <trkpt lat="-34.377746" lon="118.250135">
        <ele>808.5</ele>
        <time>2022-04-29T16:21:02Z</time>
      </trkpt>
      <trkpt lat="-34.37768" lon="118.250184">
        <ele>805.7</ele>
        <time>2022-04-29T16:21:22Z</time>
      </trkpt>
      <trkpt lat="-34.377512" lon="118.250302">
        <ele>803.2</ele>
        <time>2022-04-29T16:22:11Z</time>
      </trkpt>
      <trkpt lat="-34.377423" lon="118.25035">
        <ele>800.1</ele>
        <time>2022-04-29T16:22:36Z</time>
      </trkpt>
      <trkpt lat="-34.377325" lon="118.250398">
        <ele>796.8</ele>
        <time>2022-04-29T16:23:03Z</time>
      </trkpt>
      <trkpt lat="-34.377206" lon="118.250511">
        <ele>793.4</ele>
        <time>2022-04-29T16:23:42Z</time>
      </trkpt>
      <trkpt lat="-34.377109" lon="118.250527">
        <ele>789.5</ele>
        <time>2022-04-29T16:24:07Z</time>
      </trkpt>
      <trkpt lat="-34.376994" lon="118.250602">
        <ele>785.8</ele>
        <time>2022-04-29T16:24:41Z</time>
      </trkpt>
      <trkpt lat="-34.376874" lon="118.250564">
        <ele>782.4</ele>
        <time>2022-04-29T16:25:13Z</time>
      </trkpt>
      <trkpt lat="-34.376731" lon="118.250543">
        <ele>779.3</ele>
        <time>2022-04-29T16:25:49Z</time>
      </trkpt>
      <trkpt lat="-34.376555" lon="118.250559">
        <ele>776.3</ele>
        <time>2022-04-29T16:26:35Z</time>
      </trkpt>
      <trkpt lat="-34.37643" lon="118.250564">
        <ele>772.8</ele>
        <time>2022-04-29T16:27:07Z</time>
      </trkpt>
      <trkpt lat="-34.376352" lon="118.250607">
        <ele>769.1</ele>
        <time>2022-04-29T16:27:29Z</time>
      </trkpt>
      <trkpt lat="-34.376259" lon="118.25065">
        <ele>765.1</ele>
        <time>2022-04-29T16:27:55Z</time>
      </trkpt>
      <trkpt lat="-34.376197" lon="118.250725">
        <ele>761.4</ele>
        <time>2022-04-29T16:28:17Z</time>
      </trkpt>
      <trkpt lat="-34.376108" lon="118.250747">
        <ele>757.8</ele>
        <time>2022-04-29T16:28:40Z</time>
      </trkpt>
      <trkpt lat="-34.376019" lon="118.250693">
        <ele>754.5</ele>
        <time>2022-04-29T16:29:06Z</time>
      </trkpt>
      <trkpt lat="-34.375949" lon="118.250591">
        <ele>751.5</ele>
        <time>2022-04-29T16:29:34Z</time>
      </trkpt>
      <trkpt lat="-34.375865" lon="118.250559">
        <ele>748.1</ele>
        <time>2022-04-29T16:29:56Z</time>
      </trkpt>
      <trkpt lat="-34.375816" lon="118.250505">
        <ele>744.4</ele>
        <time>2022-04-29T16:30:13Z</time>
      </trkpt>
      <trkpt lat="-34.375683" lon="118.250436">
        <ele>739.9</ele>
        <time>2022-04-29T16:30:50Z</time>
      </trkpt>
      <trkpt lat="-34.375564" lon="118.250387">
        <ele>734.9</ele>
        <time>2022-04-29T16:31:23Z</time>
      </trkpt>
      <trkpt lat="-34.375479" lon="118.250334">
        <ele>730.1</ele>
        <time>2022-04-29T16:31:47Z</time>
      </trkpt>
      <trkpt lat="-34.375355" lon="118.250253">
        <ele>725.5</ele>
        <time>2022-04-29T16:32:23Z</time>
      </trkpt>
      <trkpt lat="-34.375223" lon="118.250232">
        <ele>721.0</ele>
        <time>2022-04-29T16:32:58Z</time>
      </trkpt>
      <trkpt lat="-34.375085" lon="118.250194">
        <ele>716.4</ele>
        <time>2022-04-29T16:33:34Z</time>
      </trkpt>
      <trkpt lat="-34.374895" lon="118.250151">
        <ele>711.3</ele>
        <time>2022-04-29T16:34:23Z</time>
      </trkpt>
      <trkpt lat="-34.374798" lon="118.250151">
        <ele>706.0</ele>
        <time>2022-04-29T16:34:48Z</time>
      </trkpt>
      <trkpt lat="-34.374691" lon="118.250098">
        <ele>700.5</ele>
        <time>2022-04-29T16:35:18Z</time>
      </trkpt>
      <trkpt lat="-34.374572" lon="118.250049">
        <ele>694.9</ele>
        <time>2022-04-29T16:35:50Z</time>
      </trkpt>
      <trkpt lat="-34.374466" lon="118.24999">
        <ele>689.3</ele>
        <time>2022-04-29T16:36:20Z</time>
      </trkpt>
      <trkpt lat="-34.374302" lon="118.249926">
        <ele>683.9</ele>
        <time>2022-04-29T16:37:04Z</time>
      </trkpt>
      <trkpt lat="-34.374178" lon="118.249899">
        <ele>679.0</ele>
        <time>2022-04-29T16:37:37Z</time>
      </trkpt>
      <trkpt lat="-34.37408" lon="118.249867">
        <ele>674.3</ele>
        <time>2022-04-29T16:38:03Z</time>
      </trkpt>
      <trkpt lat="-34.373948" lon="118.249851">
        <ele>670.0</ele>
        <time>2022-04-29T16:38:37Z</time>
      </trkpt>
      <trkpt lat="-34.373801" lon="118.249872">
        <ele>666.0</ele>
        <time>2022-04-29T16:39:15Z</time>
      </trkpt>
      <trkpt lat="-34.373686" lon="118.249921">
        <ele>662.5</ele>
        <time>2022-04-29T16:39:46Z</time>
      </trkpt>
      <trkpt lat="-34.373598" lon="118.249964">
        <ele>659.9</ele>
        <time>2022-04-29T16:40:10Z</time>
      </trkpt>
      <trkpt lat="-34.373531" lon="118.250033">
        <ele>657.9</ele>
        <time>2022-04-29T16:40:33Z</time>
      </trkpt>
      <trkpt lat="-34.373474" lon="118.250151">
        <ele>656.2</ele>
        <time>2022-04-29T16:41:02Z</time>
      </trkpt>
      <trkpt lat="-34.373412" lon="118.250264">
        <ele>654.5</ele>
        <time>2022-04-29T16:41:31Z</time>
      </trkpt>
      <trkpt lat="-34.373381" lon="118.250393">
        <ele>652.6</ele>
        <time>2022-04-29T16:41:59Z</time>
      </trkpt>
      <trkpt lat="-34.37339" lon="118.250586">
        <ele>651.0</ele>
        <time>2022-04-29T16:42:40Z</time>
      </trkpt>
      <trkpt lat="-34.373394" lon="118.250704">
        <ele>649.0</ele>
        <time>2022-04-29T16:43:05Z</time>
      </trkpt>
      <trkpt lat="-34.37335" lon="118.250843">
        <ele>646.7</ele>
        <time>2022-04-29T16:43:37Z</time>
      </trkpt>
      <trkpt lat="-34.373328" lon="118.251015">
        <ele>643.9</ele>
        <time>2022-04-29T16:44:13Z</time>
      </trkpt>
      <trkpt lat="-34.37327" lon="118.251171">
        <ele>640.9</ele>
        <time>2022-04-29T16:44:49Z</time>
      </trkpt>
      <trkpt lat="-34.373235" lon="118.251289">
        <ele>637.5</ele>
        <time>2022-04-29T16:45:16Z</time>
      </trkpt>
      <trkpt lat="-34.373142" lon="118.251374">
        <ele>633.6</ele>
        <time>2022-04-29T16:45:46Z</time>
      </trkpt>
      <trkpt lat="-34.373027" lon="118.25146">
        <ele>629.5</ele>
        <time>2022-04-29T16:46:21Z</time>
      </trkpt>
      <trkpt lat="-34.372942" lon="118.251353">
        <ele>625.5</ele>
        <time>2022-04-29T16:46:52Z</time>
      </trkpt>
      <trkpt lat="-34.372884" lon="118.251251">
        <ele>621.3</ele>
        <time>2022-04-29T16:47:18Z</time>
      </trkpt>
      <trkpt lat="-34.372779" lon="118.251224">
        <ele>617.3</ele>
        <time>2022-04-29T16:47:46Z</time>
      </trkpt>
      <trkpt lat="-34.372694" lon="118.25123">
        <ele>613.0</ele>
        <time>2022-04-29T16:48:08Z</time>
      </trkpt>
      <trkpt lat="-34.372632" lon="118.25123">
        <ele>608.8</ele>
        <time>2022-04-29T16:48:24Z</time>
      </trkpt>
      <trkpt lat="-34.372557" lon="118.251187">
        <ele>604.5</ele>
        <time>2022-04-29T16:48:45Z</time>
      </trkpt>
      <trkpt lat="-34.372451" lon="118.251101">
        <ele>600.5</ele>
        <time>2022-04-29T16:49:18Z</time>
      </trkpt>
      <trkpt lat="-34.372385" lon="118.251063">
        <ele>596.6</ele>
        <time>2022-04-29T16:49:36Z</time>
      </trkpt>
      <trkpt lat="-34.372305" lon="118.251015">
        <ele>593.0</ele>
        <time>2022-04-29T16:49:59Z</time>
      </trkpt>
      <trkpt lat="-34.37223" lon="118.250897">
        <ele>589.2</ele>
        <time>2022-04-29T16:50:31Z</time>
      </trkpt>
      <trkpt lat="-34.372119" lon="118.250849">
        <ele>585.4</ele>
        <time>2022-04-29T16:51:01Z</time>
      </trkpt>
      <trkpt lat="-34.37207" lon="118.250795">
        <ele>581.5</ele>
        <time>2022-04-29T16:51:18Z</time>
      </trkpt>
      <trkpt lat="-34.371955" lon="118.250817">
        <ele>578.0</ele>
        <time>2022-04-29T16:51:48Z</time>
      </trkpt>
      <trkpt lat="-34.371831" lon="118.25087">
        <ele>574.5</ele>
        <time>2022-04-29T16:52:22Z</time>
      </trkpt>
      <trkpt lat="-34.371725" lon="118.250849">
        <ele>571.2</ele>
        <time>2022-04-29T16:52:49Z</time>
      </trkpt>
      <trkpt lat="-34.37164" lon="118.250849">
        <ele>568.2</ele>
        <time>2022-04-29T16:53:11Z</time>
      </trkpt>
      <trkpt lat="-34.371543" lon="118.250784">
        <ele>565.4</ele>
        <time>2022-04-29T16:53:39Z</time>
      </trkpt>
      <trkpt lat="-34.371424" lon="118.250704">
        <ele>562.5</ele>
        <time>2022-04-29T16:54:14Z</time>
      </trkpt>
      <trkpt lat="-34.371366" lon="118.250656">
        <ele>559.7</ele>
        <time>2022-04-29T16:54:32Z</time>
      </trkpt>
      <trkpt lat="-34.371277" lon="118.25057">
        <ele>556.9</ele>
        <time>2022-04-29T16:55:01Z</time>
      </trkpt>
      <trkpt lat="-34.371215" lon="118.250511">
        <ele>554.4</ele>
        <time>2022-04-29T16:55:22Z</time>
      </trkpt>
      <trkpt lat="-34.371139" lon="118.250387">
        <ele>551.8</ele>
        <time>2022-04-29T16:55:54Z</time>
      </trkpt>
      <trkpt lat="-34.371034" lon="118.250285">
        <ele>549.4</ele>
        <time>2022-04-29T16:56:29Z</time>
      </trkpt>
      <trkpt lat="-34.370985" lon="118.250243">
        <ele>547.0</ele>
        <time>2022-04-29T16:56:44Z</time>
      </trkpt>
      <trkpt lat="-34.370901" lon="118.250157">
        <ele>544.7</ele>
        <time>2022-04-29T16:57:13Z</time>
      </trkpt>
      <trkpt lat="-34.370844" lon="118.250108">
        <ele>542.5</ele>
        <time>2022-04-29T16:57:31Z</time>
      </trkpt>
      <trkpt lat="-34.370733" lon="118.25006">
        <ele>540.4</ele>
        <time>2022-04-29T16:58:01Z</time>
      </trkpt>
      <trkpt lat="-34.37064" lon="118.250012">
        <ele>538.5</ele>
        <time>2022-04-29T16:58:27Z</time>
      </trkpt>
      <trkpt lat="-34.370551" lon="118.249931">
        <ele>536.8</ele>
        <time>2022-04-29T16:58:55Z</time>
      </trkpt>
      <trkpt lat="-34.370463" lon="118.249862">
        <ele>535.3</ele>
        <time>2022-04-29T16:59:22Z</time>
      </trkpt>
      <trkpt lat="-34.370467" lon="118.249722">
        <ele>533.9</ele>
        <time>2022-04-29T16:59:52Z</time>
      </trkpt>
      <trkpt lat="-34.370396" lon="118.249706">
        <ele>532.5</ele>
        <time>2022-04-29T17:00:10Z</time>
      </trkpt>
      <trkpt lat="-34.370326" lon="118.249695">
        <ele>531.3</ele>
        <time>2022-04-29T17:00:28Z</time>
      </trkpt>
      <trkpt lat="-34.370202" lon="118.249583">
        <ele>530.2</ele>
        <time>2022-04-29T17:01:08Z</time>
      </trkpt>
      <trkpt lat="-34.370126" lon="118.249524">
        <ele>529.2</ele>
        <time>2022-04-29T17:01:31Z</time>
      </trkpt>
      <trkpt lat="-34.370047" lon="118.249492">
        <ele>528.2</ele>
        <time>2022-04-29T17:01:53Z</time>
      </trkpt>
      <trkpt lat="-34.369945" lon="118.2494">
        <ele>527.3</ele>
        <time>2022-04-29T17:02:25Z</time>
      </trkpt>
      <trkpt lat="-34.369865" lon="118.249309">
        <ele>526.2</ele>
        <time>2022-04-29T17:02:53Z</time>
      </trkpt>
      <trkpt lat="-34.369777" lon="118.24925">
        <ele>524.5</ele>
        <time>2022-04-29T17:03:19Z</time>
      </trkpt>
      <trkpt lat="-34.369675" lon="118.2491">
        <ele>522.5</ele>
        <time>2022-04-29T17:04:00Z</time>
      </trkpt>
      <trkpt lat="-34.369604" lon="118.248982">
        <ele>520.3</ele>
        <time>2022-04-29T17:04:31Z</time>
      </trkpt>
      <trkpt lat="-34.369542" lon="118.248869">
        <ele>517.7</ele>
        <time>2022-04-29T17:05:00Z</time>
      </trkpt>
      <trkpt lat="-34.369458" lon="118.248767">
        <ele>515.1</ele>
        <time>2022-04-29T17:05:31Z</time>
      </trkpt>
      <trkpt lat="-34.369303" lon="118.248504">
        <ele>512.5</ele>
        <time>2022-04-29T17:06:39Z</time>
      </trkpt>
      <trkpt lat="-34.36929" lon="118.248285">
        <ele>509.6</ele>
        <time>2022-04-29T17:07:26Z</time>
      </trkpt>
      <trkpt lat="-34.369267" lon="118.248124">
        <ele>506.9</ele>
        <time>2022-04-29T17:08:00Z</time>
      </trkpt>
      <trkpt lat="-34.369236" lon="118.247995">
        <ele>504.2</ele>
        <time>2022-04-29T17:08:29Z</time>
      </trkpt>
      <trkpt lat="-34.36921" lon="118.247802">
        <ele>501.5</ele>
        <time>2022-04-29T17:09:10Z</time>
      </trkpt>
      <trkpt lat="-34.369241" lon="118.2477">
        <ele>498.9</ele>
        <time>2022-04-29T17:09:33Z</time>
      </trkpt>
      <trkpt lat="-34.36925" lon="118.247576">
        <ele>496.6</ele>
        <time>2022-04-29T17:09:59Z</time>
      </trkpt>
      <trkpt lat="-34.369267" lon="118.24748">
        <ele>494.7</ele>
        <time>2022-04-29T17:10:20Z</time>
      </trkpt>
      <trkpt lat="-34.36925" lon="118.24734">
        <ele>493.0</ele>
        <time>2022-04-29T17:10:50Z</time>
      </trkpt>
      <trkpt lat="-34.369228" lon="118.247238">
        <ele>491.6</ele>
        <time>2022-04-29T17:11:12Z</time>
      </trkpt>
      <trkpt lat="-34.369197" lon="118.247099">
        <ele>490.3</ele>
        <time>2022-04-29T17:11:43Z</time>
      </trkpt>
      <trkpt lat="-34.369143" lon="118.246943">
        <ele>488.7</ele>
        <time>2022-04-29T17:12:19Z</time>
      </trkpt>
      <trkpt lat="-34.369099" lon="118.246825">
        <ele>487.0</ele>
        <time>2022-04-29T17:12:46Z</time>
      </trkpt>
      <trkpt lat="-34.369033" lon="118.246713">
        <ele>484.9</ele>
        <time>2022-04-29T17:13:15Z</time>
      </trkpt>
      <trkpt lat="-34.368891" lon="118.246573">
        <ele>482.7</ele>
        <time>2022-04-29T17:14:02Z</time>
      </trkpt>
      <trkpt lat="-34.368847" lon="118.246461">
        <ele>480.3</ele>
        <time>2022-04-29T17:14:29Z</time>
      </trkpt>
      <trkpt lat="-34.368798" lon="118.246289">
        <ele>477.6</ele>
        <time>2022-04-29T17:15:07Z</time>
      </trkpt>
      <trkpt lat="-34.368758" lon="118.246112">
        <ele>475.0</ele>
        <time>2022-04-29T17:15:46Z</time>
      </trkpt>
      <trkpt lat="-34.368727" lon="118.245919">
        <ele>472.0</ele>
        <time>2022-04-29T17:16:28Z</time>
      </trkpt>
      <trkpt lat="-34.368678" lon="118.245736">
        <ele>468.9</ele>
        <time>2022-04-29T17:17:08Z</time>
      </trkpt>
      <trkpt lat="-34.368652" lon="118.245581">
        <ele>465.5</ele>
        <time>2022-04-29T17:17:42Z</time>
      </trkpt>
      <trkpt lat="-34.368599" lon="118.245361">
        <ele>462.1</ele>
        <time>2022-04-29T17:18:30Z</time>
      </trkpt>
      <trkpt lat="-34.368568" lon="118.245254">
        <ele>458.9</ele>
        <time>2022-04-29T17:18:54Z</time>
      </trkpt>
      <trkpt lat="-34.368492" lon="118.244916">
        <ele>455.9</ele>
        <time>2022-04-29T17:20:09Z</time>
      </trkpt>
      <trkpt lat="-34.368453" lon="118.244739">
        <ele>453.4</ele>
        <time>2022-04-29T17:20:47Z</time>
      </trkpt>
      <trkpt lat="-34.368412" lon="118.244572">
        <ele>451.1</ele>
        <time>2022-04-29T17:21:24Z</time>
      </trkpt>
      <trkpt lat="-34.368381" lon="118.244352">
        <ele>449.3</ele>
        <time>2022-04-29T17:22:11Z</time>
      </trkpt>
      <trkpt lat="-34.36835" lon="118.244261">
        <ele>447.9</ele>
        <time>2022-04-29T17:22:32Z</time>
      </trkpt>
      <trkpt lat="-34.368302" lon="118.244052">
        <ele>447.0</ele>
        <time>2022-04-29T17:23:18Z</time>
      </trkpt>
      <trkpt lat="-34.368262" lon="118.243811">
        <ele>446.9</ele>
        <time>2022-04-29T17:24:10Z</time>
      </trkpt>
      <trkpt lat="-34.368222" lon="118.243671">
        <ele>447.3</ele>
        <time>2022-04-29T17:24:42Z</time>
      </trkpt>
      <trkpt lat="-34.368187" lon="118.243505">
        <ele>448.0</ele>
        <time>2022-04-29T17:25:18Z</time>
      </trkpt>
      <trkpt lat="-34.368156" lon="118.243408">
        <ele>449.2</ele>
        <time>2022-04-29T17:25:40Z</time>
      </trkpt>
      <trkpt lat="-34.368121" lon="118.243242">
        <ele>450.5</ele>
        <time>2022-04-29T17:26:16Z</time>
      </trkpt>
      <trkpt lat="-34.36809" lon="118.243124">
        <ele>451.9</ele>
        <time>2022-04-29T17:26:43Z</time>
      </trkpt>
      <trkpt lat="-34.368054" lon="118.242952">
        <ele>453.4</ele>
        <time>2022-04-29T17:27:20Z</time>
      </trkpt>
      <trkpt lat="-34.368023" lon="118.242786">
        <ele>454.7</ele>
        <time>2022-04-29T17:27:56Z</time>
      </trkpt>
      <trkpt lat="-34.367987" lon="118.242625">
        <ele>455.7</ele>
        <time>2022-04-29T17:28:31Z</time>
      </trkpt>
      <trkpt lat="-34.367961" lon="118.242523">
        <ele>456.8</ele>
        <time>2022-04-29T17:28:54Z</time>
      </trkpt>
      <trkpt lat="-34.367926" lon="118.242464">
        <ele>457.8</ele>
        <time>2022-04-29T17:29:09Z</time>
      </trkpt>
      <trkpt lat="-34.367868" lon="118.242416">
        <ele>458.6</ele>
        <time>2022-04-29T17:29:27Z</time>
      </trkpt>
      <trkpt lat="-34.36778" lon="118.242314">
        <ele>459.2</ele>
        <time>2022-04-29T17:30:00Z</time>
      </trkpt>
    </trkseg>
  </trk>
</gpx>
